-- MySQL dump 10.13  Distrib 5.7.43, for linux-glibc2.12 (x86_64)
--
-- Host: 127.0.0.1    Database: videodb
-- ------------------------------------------------------
-- Server version	5.7.43-log

/*!40101 SET @OLD_CHARACTER_SET_CLIENT=@@CHARACTER_SET_CLIENT */;
/*!40101 SET @OLD_CHARACTER_SET_RESULTS=@@CHARACTER_SET_RESULTS */;
/*!40101 SET @OLD_COLLATION_CONNECTION=@@COLLATION_CONNECTION */;
/*!40101 SET NAMES utf8 */;
/*!40103 SET @OLD_TIME_ZONE=@@TIME_ZONE */;
/*!40103 SET TIME_ZONE='+00:00' */;
/*!40014 SET @OLD_UNIQUE_CHECKS=@@UNIQUE_CHECKS, UNIQUE_CHECKS=0 */;
/*!40014 SET @OLD_FOREIGN_KEY_CHECKS=@@FOREIGN_KEY_CHECKS, FOREIGN_KEY_CHECKS=0 */;
/*!40101 SET @OLD_SQL_MODE=@@SQL_MODE, SQL_MODE='NO_AUTO_VALUE_ON_ZERO' */;
/*!40111 SET @OLD_SQL_NOTES=@@SQL_NOTES, SQL_NOTES=0 */;

--
-- Current Database: `videodb`
--

CREATE DATABASE /*!32312 IF NOT EXISTS*/ `videodb` /*!40100 DEFAULT CHARACTER SET utf8 */;

USE `videodb`;

--
-- Table structure for table `comment`
--

DROP TABLE IF EXISTS `comment`;
/*!40101 SET @saved_cs_client     = @@character_set_client */;
/*!40101 SET character_set_client = utf8 */;
CREATE TABLE `comment` (
  `comment_id` int(11) NOT NULL AUTO_INCREMENT,
  `video_id` int(11) DEFAULT NULL,
  `user_id` int(11) DEFAULT NULL,
  `like_num` bigint(20) DEFAULT NULL,
  `content` varchar(500) DEFAULT NULL,
  `create_time` timestamp NULL DEFAULT NULL,
  PRIMARY KEY (`comment_id`)
) ENGINE=InnoDB AUTO_INCREMENT=241 DEFAULT CHARSET=utf8;
/*!40101 SET character_set_client = @saved_cs_client */;

--
-- Dumping data for table `comment`
--

LOCK TABLES `comment` WRITE;
/*!40000 ALTER TABLE `comment` DISABLE KEYS */;
INSERT INTO `comment` VALUES (1,1,18,4,'好好好','2023-10-31 15:12:20'),(2,1,19,4,'good good good','2023-10-31 16:12:20'),(3,1,16,0,'其实买纸巾看它的编号就行，如果是Q开头的最好少用(容易致癌)，GB/T开头会好点，但最好只用来擦屁股，要是想擦嘴、擦脸的看GB/T20808更好，传下去，让更多人看到……','2023-11-05 20:03:56'),(4,1,17,1,'Israeli forces killed six Pales-tinians in the occupied WestBank and Gaza Strip.Four werekilled in a raid on Jenin refugeecamp, the scene two monthsago ofIsrael\'s biggest raid in 20years.In New York Israel\'sprime minister,BinyaminNetanyahu,held a long-await-ed meeting withJoe Biden.MrBiden said the pair had dis-cussed“hardissues”','2023-11-05 20:20:49'),(5,1,16,0,'Israeli forces killed six Pales-tinians in the occupied WestBank and Gaza Strip.Four werekilled in a raid on Jenin refugeecamp, the scene two monthsago ofIsrael\'s biggest raid in 20years.In New York Israel\'sprime minister,BinyaminNetanyahu,held a long-await-ed meeting withJoe Biden.MrBiden said the pair had dis-cussed“hardissues”','2023-11-05 20:23:32'),(10,2,16,0,'主人何为言少钱，径须沽取对君酌。','2023-11-05 20:47:57'),(11,2,16,0,'人生得意须尽欢，莫使金樽空对月。\r\n\r\n天生我材必有用，千金散尽还复来。','2023-11-05 20:53:48'),(12,2,16,0,'烹羊宰牛且为乐，会须一饮三百杯','2023-11-05 20:54:32'),(13,2,16,0,'岑夫子，丹丘生，将进酒，杯莫停。','2023-11-05 20:55:18'),(23,70,71,97,'BB同款眼霜，用空好几瓶了都，去黑眼圈和浮肿一绝','2023-11-06 13:02:00'),(24,108,16,29,'不好意思本前英留子来申请出战了','2023-11-06 12:15:00'),(25,134,69,30,'本英留子申请出战','2023-11-06 13:30:00'),(26,86,21,3,'\"来英国之后，我和每一个和我通话过的人，都破口大骂过英国食材，因为我厨艺很好，大部分菜谱一次就能看会而且做出来八九不离十，我还选了很大的厨房的studio存活应当不成问题，但是那种让人绝望的食材怎么救啊！','2023-11-07 14:08:06'),(27,100,101,26,'多少人给我倾情推荐waitrose玉米鸡，上面有着无数的毛啊！我甚至掏出来我出国修脚十二件套里面没用的镊子拔了半个小时！然后一下水那股子纯腥不香的鸡味我梦回我爷爷杀鸡开水烫鸡毛！','2023-11-07 14:08:06'),(28,2,47,15,'我爱吃鲜虾云吞，然后理论上云吞皮里是要放一只虾一点肉的，做了一次后我果断改成了一只半的虾，那个剁碎的猪肉让我好像在吃怪味棉絮，感觉猪怨恨的灵魂已经主宰了那个云吞!','2023-11-07 14:08:06'),(29,89,124,60,'蔬菜是没有味道的，这比苦的还可怕，至少苦菜可以让我转向完全抛弃蔬菜，这种没有味道的会让我每段时间都不死心的试试然后让它在冰箱烂掉','2023-11-07 14:08:06'),(30,82,26,96,'但这不要紧，最可怕的还是英国对人类的异化，久而久之就连做菜最有坚持的人都会开始尝试邪门做饭，简称什么都拿来配一下，因为总会买到意想不到又舍不得丢的食材，我已经开始尝试卡仕达酱拌煮熟大麦了','2023-11-07 14:08:06'),(31,127,24,43,'现在我朋友侮辱我只要一句话，你个炸鱼薯条\"','2023-11-06 15:10:00'),(32,85,20,100,'土澳留子 每天都在进化厨艺','2023-11-06 13:43:00'),(33,102,31,60,'唯有自强好吧??…………','2023-11-06 12:32:00'),(34,94,49,78,'我一直以为英国人来日本大吃特吃是装的 在日数年仍然无法接受正统日料 但是现在看看 日料只是难吃 但不具有攻击性','2023-11-06 13:18:00'),(35,76,121,0,'我对白人饭从质疑到愤怒到理解到面无表情地吃饼干配奶酪配香肠配提子，每天都感觉自己很健康，因为感觉自己每天什么都没吃[脸红]','2023-11-06 12:13:00'),(36,94,70,69,'大晚上别人打游戏追剧写作业，我只能在厨房耗着[无语][无语][无语]没办法，不劳动就没饭吃','2023-11-06 19:39:00'),(37,74,48,27,'在国内只会做方便面的我，我愿称之为英区留子进化史[微笑]','2023-11-07 02:23:00'),(38,68,44,95,'\"英国五年没回家，别提好吃的，有次半夜光梦见吃馒头就给我馋醒了，起床一顿嚎啕大哭。','2023-11-07 14:08:07'),(39,118,64,36,'英国同学脚骨折，打算给丫炖个大骨汤，丫来句“这些（大骨头）都是垃圾！你竟然给我吃垃圾？！”有眼不识金镶玉，我自己喝。两个小时后香味出来，勾来了半个宿舍楼的人，丫又跑回来问什么这么香。','2023-11-07 14:08:07'),(40,114,103,58,'后来，我能用魔法把垃圾变成美食的事就传开了[笑]\"','2023-11-06 22:04:00'),(41,95,101,27,'我的，某位在国内生活将近三十年都没学会擀饺子皮的好朋友，在英国出差半年后，无师自通了，她半夜三更（她的半夜）给我打电话哭诉，她想吃她妈包的饺子，可是她那破地方找不到东北口味的中餐馆，她就想吃想吃自家包的饺子，想的不行了，她有不想给她妈打电话，因为她妈妈这段时间身体不好，然后一个厨艺不精的我，在她的半夜三更，教厨艺更不精的她，包饺子，在包饺子的过程中，她一边絮絮叨叨她的傻13英国同事（这其实是她不开心的根本原因），一边用她喝水的长杯子，自己把饺子皮擀了，等她反应过来时候自己都惊了，她都不知道自己咋就成功了。','2023-11-06 12:41:00'),(42,65,33,65,'很久之前在空间刷到的我认为很有意思也很详尽的英国菜解说，原po在图里','2023-11-06 15:23:00'),(43,12,47,23,'\"英国留学生是我见过最神奇的留学生，他们厨艺精进的速度会让我以为英国有什么老祖宗记忆觉醒的开关。','2023-11-07 14:08:07'),(44,123,16,54,'当然当我这话问一个英国留学生，他跟我说“我们只是想活下去，吃点人吃的东西”\"','2023-11-07 04:33:00'),(45,129,121,2,'英国留子申请出战','2023-11-06 16:18:00'),(46,115,43,16,'申请出战','2023-11-06 14:09:00'),(47,83,76,86,'英国菜的菜谱都写不满三页纸[doge]但对英国菜的吐槽可以出三期长视频','2023-11-06 12:07:00'),(48,113,40,87,'英区留子出战','2023-11-06 18:42:00'),(49,105,77,8,'赶上bb热乎的视频了捏！对这个眼霜有兴趣了喔，家人们有用过吗？','2023-11-06 13:12:00'),(50,101,83,34,'确实，感觉厨艺进步飞快','2023-11-07 00:35:00'),(51,90,86,98,'感觉他们肠胃挺强大的，冰美式 冰水 辣的 烫的 生食都挺喜欢吃','2023-07-10 12:22:00'),(52,117,58,64,'其实很多你不爱吃的东西是身体的自我保护机制，我也很不喜欢吃生的我甚至黄瓜都不爱吃生的，后来发现我就是脾虚吃不了生的我朋友也是那种很挑食的，很多不爱吃，后来去医院查才发现她35种食物过敏。','2023-07-10 17:58:00'),(53,69,17,87,'作为一个上了寄生虫的医学生，我拒绝一切生食，就怕感染寄生虫。。','2023-07-11 03:20:00'),(54,2,87,20,'应该是肠胃菌群不同吧。其实人喜欢吃什么，往往还受长期养出来的菌群影响。很多东西不是你喜欢吃，而是肠胃细菌喜欢。','2023-07-10 16:41:00'),(55,64,23,92,'只能接受生菜，黄瓜，西红柿是生的','2023-07-10 12:22:00'),(56,95,65,82,'zgr：喝水喝温水 睡觉盖肚子 空腹不喝咖啡 几乎不吃生食[脱单doge]','2023-07-10 12:27:00'),(57,121,56,68,'我真的吃不了一点生的啊啊啊啊 是火锅不香吗？？？本重庆人真的觉得这些玩意儿都应该丢进红油汤里净化！！！[惊讶][惊讶]（dbq 我尊重爱吃生的小伙伴！！）','2023-07-10 12:25:00'),(58,78,87,62,'我觉得生肉这玩意儿真的很看口味，我能吃一点生海鲜（仅指虾蟹类）但是生牛肉生鱼肉之类的完全不行。所以说人类发现火是有原因的……真没必要强迫自己吃。','2023-07-10 12:25:00'),(59,91,49,11,'我真的一点生的都不行，以前也许我还可以接受蔬菜是生的，但自从学了微生物学之后……我可以接受洗不干净，菜里有虫子，但是！一定要煮熟！！！！','2023-07-10 13:18:00'),(60,73,57,54,'科教频道说人类之所以不需要像动物一样把大量的时间花在进食上就是因为掌握了烹饪熟食的方法，因为人体可以从熟食上获得更多能量[脱单doge]','2023-07-10 12:41:00'),(61,116,51,16,'我在济州岛旅游的时候，专门饿了一天，就为了吃以前视频里主播大快朵颐的酱蟹，我吃了，我一瞬间觉得，我好像在嗦啦一只被大坨盐＋滑溜溜的鼻涕裹住的腥臭辣脚丫，因为端饭的阿姨一直在和善的笑，我很痛苦，硬是梗着脖子把酱蟹咽下去，我看着我朋友吃的津津有味，我那一瞬间觉得她不是我朋友，她是一个披着人皮的异形，她吃的好香，还告诉我，多吃点，顺便又点了一盘。而我，我在服务员阿姨的注视下，挂着僵硬的微笑，吃下了两只酱蟹，还用僵硬的韩语说好美味[水瓶座_哭哭]','2023-07-10 12:31:00'),(62,129,111,4,'感觉正常的不是很正常','2023-07-10 15:36:00'),(63,72,88,52,'食物生食会更有营养……嗯……我来美国后，发现了小菠菜沙拉[doge]好好吃，然后我就一直吃一直吃，然后我就逐渐的开始抽筋，越来越严重，最后到核心肌群都能抽的程度。验血，血钙的总钙量没有任何问题，钙片牛奶一直没停过，奶还是水解乳糖的，不存在不吸收的问题。最后我发现生菠菜中草酸影响钙吸收……可是沙拉的小菠菜真的很好吃怎么办？于是我开始买袋装的沙拉菜，煮进面里','2023-07-15 15:17:00'),(64,92,105,34,'评论有的人倒也没必要侮辱海边长大的人特别是福建潮汕人的传统食物好吗[呆]中国那么大各地饮食习惯不一样很正常啊','2023-07-10 12:36:00'),(65,86,33,49,'我前几天看了一个科普生吃蔬菜坏处的视频。里面提到生吃蔬菜的草酸非常高，就比较容易形成结石。','2023-07-10 16:54:00'),(66,80,16,11,'第一次有关互联网上看到的生食记忆就是南朝鲜的生吃八爪鱼和小日本的生吃牛蛙[灵魂出窍]一个须子在动一个上半身在动。','2023-07-10 12:23:00'),(67,1,76,6,'个人建议湖南川渝和江西的妹妹们谨慎吃生食[笑哭]在重庆上学我同学们都一点腥味都受不了，因为这几个地区辣椒放的很多，会把别的味道盖住，如果吃到原味一点的东西可能真的受不了[笑哭]我很多重庆同学都没办法接受广东菜[笑哭]','2023-07-10 14:45:00'),(68,129,24,65,'\"但是生腌真的好好吃，我是温州人，我家基本上一个月会吃四五次生腌，频率高的时候可能两三天一盘，有时候是蟹有时候是虾，我真的好爱[阿萨Aza-多面体_委屈]','2023-11-07 14:08:10'),(69,12,59,46,'以及，大家攻击的时候不要大范围aoe啊，看评论里有人说吃生就是蛮夷，真的有难受到。\"','2023-07-10 14:39:00'),(70,74,56,72,'额，看完寄生虫就看生的肉就觉得恐怖，有一部分蔬菜也是有寄生虫的，吃生食就要接受寄生虫感染率高这种问题，没记错的脍炙人口也指的是生鱼片，古代流行过生食，后来淘汰了很多，海鲜生食比河鲜安全很多。','2023-07-11 02:34:00'),(71,130,69,79,'关于心理测试，其实很多不专业的小测试是为了迎合一些人的乐趣做出来的，可能得分会不正常的低，大家可以多找一些较专业的（题目比较多的），也要根据自己的主观感受判断，不用因为分太低就觉得自己真的怎么怎么样的','2023-07-12 14:07:00'),(72,88,107,21,'可爱捏~三连必须三连！','2023-11-03 05:49:00'),(73,93,110,11,'我还是想看坤坤[惊喜]可以再来一期坤哥么','2023-11-03 05:23:00'),(74,67,46,97,'妈的别再给我推这个视频了，举报你了我要','2023-11-06 02:57:00'),(75,84,114,39,'跳的舞是猛男新宝岛吗[笑哭]','2023-11-03 04:03:00'),(76,97,118,21,'投了多少钱怎么到处都是这个视频','2023-11-05 13:50:00'),(77,130,21,5,'我评价为有什么大病，到处推广，拉黑名单都没用','2023-11-05 05:59:00'),(78,115,35,63,'我就说这画面这画风这么熟悉呢，然后我翻了一下我收藏的梗然后还真是也是同一个作者','2023-11-05 04:55:00'),(79,106,31,6,'联动做得稀烂，没人买开始投广告了呀[呲牙]','2023-11-04 12:29:00'),(80,83,89,34,'买了多少推广？各种视频下都能有你的','2023-11-06 14:34:00'),(81,88,91,39,'百分之二十抽奖概率属实绷不住，而且很多店都在学校里，我那有人买了七杯都没中的','2023-11-03 04:02:00'),(82,119,98,60,'一个奶茶为什么要起个中药店的名字？[doge]','2023-11-03 13:56:00'),(83,98,34,66,'饶了我吧怎么我看啥都推这个视频啊','2023-11-05 03:07:00'),(84,98,111,96,'谁想出来的模型太特么丑了','2023-11-06 11:25:00'),(85,121,121,35,'\"我的评价是《不够鬼畜》','2023-11-07 14:08:12'),(86,123,94,46,'但是很有创意的广告\"','2023-11-03 04:27:00'),(87,99,24,54,'[蛆音娘_大笑] 01:15 龙卷旋风脚出来的时候蚌埠住惹嗷','2023-11-03 05:18:00'),(88,68,114,35,'花了多少钱搞的推广啊，恶不恶心','2023-11-05 07:41:00'),(89,119,89,97,'在蜜雪和牛男之间选择了堂','2023-11-05 05:13:00'),(90,126,54,12,'@随轻墨 @予瑾抽不到','2023-11-06 09:00:00'),(91,67,27,42,'我的评价是，不如只因宝宝[doge]','2023-11-03 04:19:00'),(92,5,85,46,'Fa Q宝宝时间[doge]','2023-11-03 04:06:00'),(93,89,66,37,'\"2023-10月热歌榜——QQ音乐','2023-11-07 14:08:13'),(94,94,57,49,'00:38 三国恋——Tank','2023-11-07 14:08:13'),(95,123,48,42,' 01:31 稻香——周董','2023-11-07 14:08:13'),(96,12,37,65,' 02:30 如果这就是爱情——张靓颖','2023-11-07 14:08:13'),(97,70,81,22,' 03:34 夜曲——周董','2023-11-07 14:08:14'),(98,117,82,46,' 04:20 体面——于文文','2023-11-07 14:08:14'),(99,115,124,100,' 05:10 爱人错过——告五人','2023-11-07 14:08:14'),(100,67,17,6,' 05:53 想你时风起——单依纯','2023-11-07 14:08:14'),(101,79,112,45,' 06:41 我怀念的——孙燕姿','2023-11-07 14:08:14'),(102,108,56,55,' 07:19 恶作剧——王蓝茵','2023-11-07 14:08:14'),(103,91,80,1,' 07:53 突然好想你——五月天','2023-11-07 14:08:14'),(104,78,83,60,' 08:42 我落泪情绪零碎——周董','2023-11-07 14:08:15'),(105,66,35,64,' 10:02 夏天——李玖哲','2023-11-07 14:08:15'),(106,66,18,89,' 10:58 美人鱼——林俊杰','2023-11-07 14:08:15'),(107,102,61,81,' 11:42 我的纸飞机——GooGoo/王之睿','2023-11-07 14:08:15'),(108,86,59,40,' 12:24 素颜——许嵩，何曼婷','2023-11-07 14:08:15'),(109,134,86,89,' 13:35 我们的歌——王力宏','2023-11-07 14:08:15'),(110,89,91,4,' 14:18 瞬——郑润泽','2023-11-07 14:08:15'),(111,111,39,75,' 15:00 十年——陈奕迅','2023-11-07 14:08:15'),(112,106,77,64,' 15:51 修炼爱情——林俊杰','2023-11-07 14:08:15'),(113,6,96,4,' 16:29 都怪我——胡66','2023-11-07 14:08:16'),(114,80,20,55,' 17:10 海阔天空——BEYOND','2023-11-07 14:08:16'),(115,86,41,70,' 18:05 兰亭序——周董','2023-11-07 14:08:16'),(116,71,113,33,' 18:47 那些你很冒险的梦——林俊杰','2023-11-07 14:08:16'),(117,100,96,32,' 19:48 天外来物——薛之谦','2023-11-07 14:08:16'),(118,90,63,48,' 20:28 父亲写的散文诗——许飞','2023-11-07 14:08:16'),(119,125,30,73,' 21:18 可惜没如果——林俊杰','2023-11-07 14:08:16'),(120,6,124,45,' 22:12 凄美地——郭顶','2023-11-07 14:08:17'),(121,129,41,39,' 23:15 晴天——周董','2023-11-07 14:08:17'),(122,80,63,38,' 24:16 我们俩——郭顶','2023-11-07 14:08:17'),(123,121,71,30,' 25:10 Doll——菲菲公主','2023-11-07 14:08:17'),(124,100,109,61,' 25:46 江南——林俊杰','2023-11-07 14:08:17'),(125,111,52,51,' 26:24 你瞒我瞒——陈柏宇','2023-11-07 14:08:17'),(126,97,98,1,' 27:08 听说你——于冬然','2023-11-07 14:08:17'),(127,64,44,58,' 27:42 如愿——王菲','2023-11-07 14:08:17'),(128,99,35,71,' 28:29 年少的你啊——浩然H.R.','2023-11-07 14:08:17'),(129,129,70,54,' 28:56 笼——张碧晨','2023-11-07 14:08:18'),(130,111,81,86,' 29:38 多远都要在一起——G.E.M.邓紫棋','2023-11-07 14:08:18'),(131,84,54,20,' 30:12 我会等——承桓','2023-11-07 14:08:18'),(132,85,44,84,' 30:50 红色高跟鞋——蔡雅健','2023-11-07 14:08:18'),(133,118,109,3,' 31:33 偏爱——张芸京','2023-11-07 14:08:18'),(134,76,45,90,' 32:29 Letting go——蔡雅健','2023-11-07 14:08:18'),(135,122,103,64,' 33:14 愿与愁——林俊杰','2023-11-07 14:08:18'),(136,87,59,13,' 33:55 此生不换——青鸟飞鱼','2023-11-07 14:08:18'),(137,72,73,65,' 34:48 其实都没有——杨宗纬(原唱)','2023-11-07 14:08:19'),(138,75,60,68,' 35:37 感谢你曾来过——Ayo97/周思涵','2023-11-07 14:08:19'),(139,68,57,77,' 36:07 倒带——蔡依林','2023-11-07 14:08:19'),(140,66,30,6,' 36:56 HEAVEN——Ailee','2023-11-07 14:08:19'),(141,123,31,18,' 37:39 悬溺——葛东琪','2023-11-07 14:08:19'),(142,99,17,60,' 38:21 其实都没有——于冬然(翻唱)','2023-11-07 14:08:19'),(143,69,101,76,' 39:08 奢香夫人——凤凰传奇\"','2023-11-05 20:20:00'),(144,102,82,99,'很奇怪，三国恋在好多榜单都是守门员[笑哭][笑哭]','2023-11-06 10:40:00'),(145,2,16,27,'\"50:《三国恋》00:37','2023-11-07 14:08:20'),(146,5,94,83,'49:《稻香》01:31','2023-11-07 14:08:20'),(147,110,44,48,'48:《如果这就是爱情》 02:31','2023-11-07 14:08:20'),(148,105,37,6,'47:《夜曲》03:34','2023-11-07 14:08:20'),(149,76,69,34,'46:《体面》04:21','2023-11-07 14:08:20'),(150,87,107,94,'45:《爱人错过》05:10','2023-11-07 14:08:20'),(151,6,52,16,'44:《当你时风起》05:54','2023-11-07 14:08:20'),(152,90,68,73,'43:《我怀念的》 06:41','2023-11-07 14:08:20'),(153,81,47,26,'42:《恶作剧》07:18','2023-11-07 14:08:20'),(154,114,111,25,'41:《突然好想你》07:52','2023-11-07 14:08:20'),(155,118,97,22,'40:《我落泪情绪零碎》08:41','2023-11-07 14:08:21'),(156,134,66,63,'39:《夏天》 10:01','2023-11-07 14:08:21'),(157,6,55,58,'38:《美人鱼》 10:57','2023-11-07 14:08:21'),(158,100,59,54,'37:《我的纸飞机》  11:41','2023-11-07 14:08:21'),(159,128,92,22,'36:《素颜》 12:24','2023-11-07 14:08:21'),(160,1,112,5,'35:《我们的歌》 13:35','2023-11-07 14:08:21'),(161,89,29,19,'34:《瞬》  14:17','2023-11-07 14:08:21'),(162,123,44,83,'33:《十年》  15:00','2023-11-07 14:08:21'),(163,86,97,5,'32:《修炼爱情》  15:50','2023-11-07 14:08:22'),(164,72,109,82,'31:《都怪我》 16:28','2023-11-07 14:08:22'),(165,78,16,42,'30:《海阔天空》 17:09','2023-11-07 14:08:22'),(166,105,27,86,'29:《兰亭序》18:04','2023-11-07 14:08:22'),(167,6,116,0,'28:《那些你很冒险的梦》 18:46','2023-11-07 14:08:22'),(168,64,70,74,'27:《天外来物》 19:48','2023-11-07 14:08:22'),(169,68,87,9,'26:《父亲写的散文诗》   20:28','2023-11-07 14:08:22'),(170,80,57,33,'25:《可惜没如果》 21:17','2023-11-07 14:08:23'),(171,80,101,29,'24:《凄美地》 22:11','2023-11-07 14:08:23'),(172,117,48,40,'23:《晴天》 23:13','2023-11-07 14:08:23'),(173,107,30,88,'22:《我们俩》  24:15','2023-11-07 14:08:23'),(174,1,113,86,'21:《Doll》25:09','2023-11-07 14:08:23'),(175,123,33,4,'20:《江南》25:46','2023-11-07 14:08:23'),(176,125,23,2,'19:《你瞒我瞒》  26:23','2023-11-07 14:08:23'),(177,79,89,46,'18:《听说你》   27:08','2023-11-07 14:08:23'),(178,108,42,88,'17:《如愿》    27:41','2023-11-07 14:08:23'),(179,130,62,50,'16:《年少的你啊》  28:28','2023-11-07 14:08:24'),(180,80,23,63,'15:《笼》   28:55','2023-11-07 14:08:24'),(181,84,31,83,'14:《多远都要在一起》  29:38','2023-11-07 14:08:24'),(182,6,97,31,'13:《我会等》      20:12','2023-11-07 14:08:24'),(183,117,64,77,'12:《红色高跟鞋》  30:50','2023-11-07 14:08:24'),(184,116,49,61,'11:《偏爱》  31:33','2023-11-07 14:08:24'),(185,79,19,67,'10:《Lettung Go》    32:28','2023-11-07 14:08:24'),(186,69,88,61,'09:《愿与愁》  33:12','2023-11-07 14:08:25'),(187,71,30,20,'08:《此生不换》 33:55','2023-11-07 14:08:25'),(188,123,124,88,'07:《其实都没有》 34:48','2023-11-07 14:08:25'),(189,111,94,57,'06:《感谢你曾来过》 35:36','2023-11-07 14:08:25'),(190,84,23,94,'05:《倒带》  36:06','2023-11-07 14:08:25'),(191,114,55,26,'04:《HEAVEN》     36:55','2023-11-07 14:08:25'),(192,1,78,51,'03:《悬溺》    37:38','2023-11-07 14:08:25'),(193,69,118,17,'02:《其实都没有》  38:20','2023-11-07 14:08:25'),(194,84,116,72,'01:《奢香夫人》  39:07\"','2023-11-05 15:05:00'),(195,83,109,43,'[藏狐]希望能多来点新歌，给我这个旧时代的残党来点震撼。','2023-11-05 08:11:00'),(196,114,83,94,'这榜单上新歌不如老歌本身就很正常。老歌是经过时间考验的，也有很多当年火过的老歌没进榜单，剩下的都是精华','2023-11-05 04:08:00'),(197,69,48,8,'很奇怪，三国恋在好多榜单都是守门员[doge]','2023-11-04 15:13:00'),(198,84,20,85,'不管新还是老，不喜欢就是不喜欢，喜欢就是喜欢只是风格问题，有的小时候不喜欢或许长大就会喜欢，比如我以前听黄河大合唱这类型的歌会头晕，可是现在就会觉得很振奋人心，我以前喜欢听十年但是听多了也觉得会腻，还有我不喜欢林俊杰唱的江南但是很喜欢他唱的阳光中的裂缝','2023-11-07 03:53:00'),(199,77,72,43,'我认为人类的创造力是趋于平均值的，即无论国籍还是时代，人们创造出来的作品的客观平均水平是服从某种程度的正态分布的，换句人话，歌曲的品质永远都是有好有坏的。如果以上假设是正确的，那么为什么我们会觉得老歌都是神中神而新歌都是答辩呢？原因很简单，老歌被创造的时代，那时候并没有这样发达的流媒体，大家对于音乐作品的接触靠的是电视，收音机或者更加不便的口耳相传。这样弱的传播途径，导致答辩的歌曲根本没有机会被传播出来，往往就会胎死腹中，而优秀的歌曲则会被广泛传播。换句话说，能流传开的一定是好歌，而答辩不会被听到，所以在主观上看来就会有“老歌都是好听的”这样的观点。同样的，为什么我们会觉得日本乐坛很牛逼？我们的歌曲创作力不一定就弱于日本，但是能够从日本跨越海洋传播到中国的，一定是精品，至少得受到日本国民的认可。','2023-11-05 17:04:00'),(200,2,104,78,'乌[大笑]蒙[大笑]山[大笑]连[大笑]着[大笑]山[大笑]外[大笑]山～～唯一真神','2023-11-04 09:50:00'),(201,66,49,24,'偏爱和此生不换真的神奇，每期都有他们，排名虽然有变化。凤凰传奇一首歌霸榜三个月也太厉害了吧，他们其他几首歌完全也可以上榜，我觉得','2023-11-06 05:16:00'),(202,86,54,10,'老歌就真神，新歌就构思，还天天说现在没好听的歌了，就这样有好听的歌就怪了','2023-11-05 16:52:00'),(203,112,37,93,'再过二十年回过头一看还是这些歌[doge][doge][doge]','2023-11-04 11:07:00'),(204,94,57,12,'就是再过十年 Top50大多数也还是这些歌[脱单doge]','2023-11-05 14:44:00'),(205,80,60,95,'这榜单上新歌不如老歌本身就很正常。老歌是经过时间考验的，也有很多当年火过的老歌没进榜单，剩下的都是精华','2023-11-06 08:50:00'),(206,86,116,14,'省流：凤凰传奇登顶[doge]','2023-11-04 10:00:00'),(207,106,79,77,'奢香夫人依旧稳定','2023-11-04 09:46:00'),(208,130,69,39,'b友高人一等的，没办法，人家都听得，就b友听不得，下次干脆整个b站热门音乐排行榜罢了，圈地自娱不用看到不值得的史上榜岂不是更好，免得污了耳朵。','2023-11-06 02:41:00'),(209,1,85,45,'打开视频的一瞬间，这是23年不是03年吧？[辣眼睛]','2023-11-06 12:37:00'),(210,2,82,20,'不是，我寻思着，为什么新歌一出来，弹幕都是一群贬低的，你们是在骄傲什么啊？上了热歌榜会有它上了热歌榜的理由，每个人的听歌审美都是不同的。[疑惑]','2023-11-05 15:05:00'),(211,71,63,47,'《你瞒我瞒》和《够钟》我称之为广东emo失恋神曲，我一个母胎单身的听这两首歌时都有那种酸涩感，真的绝','2023-11-05 13:26:00'),(212,93,124,47,'生存率不到0.5%，父女俩还都幸存了，这得是上辈子拯救了世界啊','2023-11-02 11:11:00'),(213,106,61,66,'看完了快要信命了。这艘船本来就是火灾报废，强制给改造之后又沉没在一片火海里……','2023-11-02 11:41:00'),(214,123,106,80,'让我想起来韩国总统之前相信邪教跟邪教联手把自己国家的学生以出海游行作为借口把学生在大海上活活献祭并且拒绝所有邻国的救援','2023-11-02 03:32:00'),(215,2,44,13,'\"05:03  06:17  01:01 ','2023-11-07 14:08:28'),(216,6,27,2,'这三句话至少有一句是错的，时间对不上\"','2023-11-02 01:58:00'),(217,85,100,30,'我发现每个重大事故都是但凡有一个环节操点心，也不至于后果这么严重。','2023-11-01 15:17:00'),(218,65,84,13,'不管去哪里玩，搭载什么样的交通工具，只要看到人太多，我都会自动放弃，选下一趟或者换个工具。我就是这么一个没有安全感又怕死的人。','2023-11-01 22:48:00'),(219,74,29,63,'一名合格的父亲是不会丢下自己的女儿的。。还有父女俩真的是主角光环点满了啊。。','2023-11-04 07:47:00'),(220,107,51,8,'真的到处都是救生设备上锁，消防通道堵死，到底有什么用[笑哭]','2023-11-01 12:19:00'),(221,114,73,77,'\"那对父女在游出去以后发现彼此还活着的时候，','2023-11-07 14:08:29'),(222,85,72,83,'那心情简直难以想象\"','2023-11-01 09:08:00'),(223,76,54,96,'\"以前坐船时很怕停靠码头，因为上客下客还有用杆子购买云阳桃片糕的旅客在一段时间内都集中到了右半边，感觉船身倾斜度大，很怕翻了。','2023-11-07 14:08:29'),(224,105,72,44,'话说当年有艘船在三峡遇难，我第一次知道原来内陆的船也会遇到台风[笑哭]\"','2023-11-01 09:43:00'),(225,96,40,73,'看载人的已经眉头紧皱了，听到油轮的状况的时候真的第一反应是：“还有高手?”','2023-11-01 08:58:00'),(226,121,50,76,'国家落后就容易发生这种事儿，我们小时候也是坐车根本就没有什么超载的概念，都是能塞多少塞多少，车本身也经常破破烂烂问题很多，什么车窗震碎了，车门开坏了，甚至轮胎跑飞了我都遇到过，车子抛锚更是家常便饭，车上的人也是，吃东西的，抽烟的，脱鞋的，晕车吐的什么都有，那味儿也够了，现在想想全是安全隐患，但对那时候的人来说就是稀松平常的，以前回一趟老家真的是熬，特别痛苦[笑哭]','2023-11-02 17:23:00'),(227,129,74,84,'船上还有1000多个不到四岁的小孩子??','2023-11-01 09:27:00'),(228,125,25,35,'这种情况会游泳也没用啊 菲律宾这种国家 8 9成都会游吧？除非水性运气都极好的 不然照样白给','2023-11-02 04:11:00'),(229,120,42,42,'关于最后的620美元赔偿，我查了一下，1999年，菲律宾最高法院终审裁定油轮与多纳帕兹号所属的公司承担事故的赔偿工作。那年美元对人民币汇率在8.28左右，差不多5100+RMB。根据国家统计局公布的《1999年度劳动和社会保障事业发展统计公报》显示“全国城镇在岗职工平均工资为8346 元……其中，国有单位8543元，城镇集体单位5774元，其他单位9829元。”当然国情不同，不过也算不上太多，毕竟是人命。','2023-11-01 18:09:00'),(230,117,40,82,'这个事件真的太可怕了·····所有的陨落方式中，火刑的痛苦程度可是能排到前几名的[辣眼睛]','2023-11-02 03:49:00'),(231,126,103,94,'我小時候在報紙上看過這則災難的新聞，那時對媒體畫面沒太多限制，所以印象中有看到一些很可怕的燒焦人體被沖上海岸的照片，還好都是黑白的....','2023-11-02 09:07:00'),(232,72,78,98,'\"我老家是县城，到了初中乡下没学校可以读书了，很多家庭还想送孩子读书的只能把孩子送城里来，可能得放长假才能回一次家。当时班上有个特别腼腆老实的同学，人很和善，虽然也不起眼，但是他从来不招谁惹谁不做坏事，老师同学都还挺喜欢他的。有天晚上我放学回家，听奶奶说今天城里出了起事故，有个村儿有人请客，回程的时候过河，一艘小小船上硬是上去了十几个人……结果船翻了，无一幸免。','2023-11-07 14:08:31'),(233,127,61,71,'第二天我到了学校，课间偶然发现那个同学不在，我寻思可能不舒服请假了或者怎么。后来班会课班主任告诉我们，那位同学的父母刚好就在那艘船上……','2023-11-07 14:08:31'),(234,98,123,53,'我后来没见过那位同学了，我常常想起这件事，又不愿意去想，因为那种圆满的家庭某一天开始突然就变得空荡荡的绝望感实在令人难以承受。','2023-11-07 14:08:31'),(235,84,74,27,'搭乘公共交通工具，还是要多加注意安全规范，一个人一辈子只能活这一次。\"','2023-11-04 05:01:00'),(236,70,57,36,'电影《敦刻尔克》也有类似的画面，一个士兵潜了进水下，他看着海平面的火海，但他实在是憋不住气了只能浮出海面……','2023-11-01 15:52:00'),(237,129,31,29,'这对父女真的太幸运了，刚刚有个行李箱救了他们','2023-11-03 06:44:00'),(238,135,16,0,'你最好有事','2023-11-07 18:33:25'),(239,1,16,0,'评论的内容','2023-11-07 21:27:00'),(240,90,16,0,'评论内容','2023-11-07 21:39:18');
/*!40000 ALTER TABLE `comment` ENABLE KEYS */;
UNLOCK TABLES;

--
-- Table structure for table `history`
--

DROP TABLE IF EXISTS `history`;
/*!40101 SET @saved_cs_client     = @@character_set_client */;
/*!40101 SET character_set_client = utf8 */;
CREATE TABLE `history` (
  `history_id` int(11) NOT NULL AUTO_INCREMENT,
  `user_id` int(11) DEFAULT NULL,
  `video_id` int(11) DEFAULT NULL,
  `watch_time` timestamp NULL DEFAULT NULL,
  PRIMARY KEY (`history_id`)
) ENGINE=InnoDB AUTO_INCREMENT=32 DEFAULT CHARSET=utf8;
/*!40101 SET character_set_client = @saved_cs_client */;

--
-- Dumping data for table `history`
--

LOCK TABLES `history` WRITE;
/*!40000 ALTER TABLE `history` DISABLE KEYS */;
INSERT INTO `history` VALUES (6,16,1,'2023-11-07 21:37:54'),(7,16,2,'2023-11-07 21:39:30'),(8,16,6,'2023-11-07 19:08:08'),(9,16,12,'2023-11-07 21:19:41'),(10,17,1,'2023-11-07 14:59:08'),(11,17,65,'2023-11-07 14:56:24'),(12,17,2,'2023-11-07 14:59:38'),(13,16,109,'2023-11-07 21:39:38'),(14,16,65,'2023-11-07 21:40:51'),(15,16,81,'2023-11-07 21:39:32'),(16,16,90,'2023-11-07 21:39:33'),(17,16,91,'2023-11-07 21:39:34'),(18,16,112,'2023-11-07 20:09:08'),(19,16,135,'2023-11-07 21:21:57'),(20,16,139,'2023-11-07 20:38:22'),(21,16,138,'2023-11-07 21:19:52'),(22,16,82,'2023-11-07 19:08:07'),(23,16,5,'2023-11-07 19:08:04'),(24,24,2,'2023-11-07 19:14:56'),(25,24,1,'2023-11-07 19:16:46'),(26,16,108,'2023-11-07 20:03:52'),(27,16,134,'2023-11-07 20:13:47'),(28,16,140,'2023-11-07 20:38:21'),(29,16,141,'2023-11-07 20:38:18'),(30,16,147,'2023-11-07 21:41:15'),(31,16,86,'2023-11-07 21:40:08');
/*!40000 ALTER TABLE `history` ENABLE KEYS */;
UNLOCK TABLES;

--
-- Table structure for table `relation`
--

DROP TABLE IF EXISTS `relation`;
/*!40101 SET @saved_cs_client     = @@character_set_client */;
/*!40101 SET character_set_client = utf8 */;
CREATE TABLE `relation` (
  `relation_id` int(11) NOT NULL AUTO_INCREMENT,
  `user1_id` int(11) DEFAULT NULL,
  `user2_id` int(11) DEFAULT NULL,
  `kind` tinyint(4) DEFAULT NULL,
  PRIMARY KEY (`relation_id`)
) ENGINE=InnoDB AUTO_INCREMENT=39 DEFAULT CHARSET=utf8;
/*!40101 SET character_set_client = @saved_cs_client */;

--
-- Dumping data for table `relation`
--

LOCK TABLES `relation` WRITE;
/*!40000 ALTER TABLE `relation` DISABLE KEYS */;
INSERT INTO `relation` VALUES (4,16,18,1),(7,17,18,0),(8,16,24,0),(31,17,24,0),(32,16,73,0),(33,16,83,0),(34,16,33,0),(37,16,17,0),(38,16,110,0);
/*!40000 ALTER TABLE `relation` ENABLE KEYS */;
UNLOCK TABLES;

--
-- Table structure for table `star`
--

DROP TABLE IF EXISTS `star`;
/*!40101 SET @saved_cs_client     = @@character_set_client */;
/*!40101 SET character_set_client = utf8 */;
CREATE TABLE `star` (
  `star_id` int(11) NOT NULL AUTO_INCREMENT,
  `user_id` int(11) DEFAULT NULL,
  `videoid` int(11) DEFAULT NULL,
  PRIMARY KEY (`star_id`)
) ENGINE=InnoDB AUTO_INCREMENT=21 DEFAULT CHARSET=utf8;
/*!40101 SET character_set_client = @saved_cs_client */;

--
-- Dumping data for table `star`
--

LOCK TABLES `star` WRITE;
/*!40000 ALTER TABLE `star` DISABLE KEYS */;
INSERT INTO `star` VALUES (8,16,5),(9,16,12),(10,16,6),(15,16,2),(17,16,109),(19,16,91);
/*!40000 ALTER TABLE `star` ENABLE KEYS */;
UNLOCK TABLES;

--
-- Table structure for table `tag`
--

DROP TABLE IF EXISTS `tag`;
/*!40101 SET @saved_cs_client     = @@character_set_client */;
/*!40101 SET character_set_client = utf8 */;
CREATE TABLE `tag` (
  `tag_id` int(11) NOT NULL AUTO_INCREMENT,
  `tag_name` varchar(50) DEFAULT NULL,
  PRIMARY KEY (`tag_id`)
) ENGINE=InnoDB AUTO_INCREMENT=15 DEFAULT CHARSET=utf8;
/*!40101 SET character_set_client = @saved_cs_client */;

--
-- Dumping data for table `tag`
--

LOCK TABLES `tag` WRITE;
/*!40000 ALTER TABLE `tag` DISABLE KEYS */;
INSERT INTO `tag` VALUES (1,'娱乐'),(2,'体育'),(3,'人文社科'),(4,'游戏'),(5,'美食'),(6,'学习'),(7,'二次元'),(8,'知识'),(9,'时尚'),(10,'财经'),(11,'健康'),(12,'运动'),(13,'音乐'),(14,'影视');
/*!40000 ALTER TABLE `tag` ENABLE KEYS */;
UNLOCK TABLES;

--
-- Table structure for table `tagrecord`
--

DROP TABLE IF EXISTS `tagrecord`;
/*!40101 SET @saved_cs_client     = @@character_set_client */;
/*!40101 SET character_set_client = utf8 */;
CREATE TABLE `tagrecord` (
  `record_id` int(11) NOT NULL AUTO_INCREMENT,
  `tag_id` int(11) DEFAULT NULL,
  `video_id` int(11) DEFAULT NULL,
  PRIMARY KEY (`record_id`)
) ENGINE=InnoDB AUTO_INCREMENT=103 DEFAULT CHARSET=utf8;
/*!40101 SET character_set_client = @saved_cs_client */;

--
-- Dumping data for table `tagrecord`
--

LOCK TABLES `tagrecord` WRITE;
/*!40000 ALTER TABLE `tagrecord` DISABLE KEYS */;
INSERT INTO `tagrecord` VALUES (2,3,1),(3,1,1),(4,1,2),(5,3,2),(6,6,1),(10,4,52),(11,10,54),(13,2,56),(14,2,57),(19,6,134),(20,13,64),(21,1,65),(22,11,66),(23,4,67),(24,8,68),(25,11,69),(26,10,70),(27,10,71),(28,8,72),(29,7,73),(30,12,74),(31,7,75),(32,6,76),(33,11,77),(34,6,78),(35,12,79),(36,13,80),(37,1,81),(38,14,82),(39,5,83),(40,6,84),(41,4,85),(42,3,86),(43,6,87),(44,8,88),(45,3,89),(46,1,90),(47,1,91),(48,8,92),(49,2,93),(50,4,94),(52,7,96),(53,6,97),(54,6,98),(56,7,100),(57,9,101),(58,11,102),(59,3,103),(60,8,105),(61,8,106),(62,8,107),(63,2,108),(64,1,109),(65,4,110),(66,5,111),(67,1,112),(68,12,113),(69,12,114),(70,10,115),(71,2,116),(72,12,117),(73,10,118),(74,13,119),(75,12,120),(76,6,121),(77,4,122),(78,5,123),(79,3,124),(80,12,125),(81,3,126),(82,8,127),(83,9,128),(84,13,129),(85,13,130),(86,13,134),(87,8,5),(88,10,6),(89,9,6),(90,9,12),(91,1,135),(92,14,136),(93,1,137),(94,1,138),(95,6,139),(96,1,140),(97,1,141),(98,3,143),(99,1,144),(100,1,145),(101,1,146),(102,1,147);
/*!40000 ALTER TABLE `tagrecord` ENABLE KEYS */;
UNLOCK TABLES;

--
-- Table structure for table `user`
--

DROP TABLE IF EXISTS `user`;
/*!40101 SET @saved_cs_client     = @@character_set_client */;
/*!40101 SET character_set_client = utf8 */;
CREATE TABLE `user` (
  `user_id` int(11) NOT NULL AUTO_INCREMENT,
  `username` varchar(20) NOT NULL,
  `password` varchar(50) DEFAULT NULL,
  `salt` varchar(20) DEFAULT NULL,
  `email` varchar(20) DEFAULT NULL,
  `headshot` varchar(300) DEFAULT NULL,
  `introduction` varchar(300) DEFAULT NULL,
  `headshotname` varchar(20) DEFAULT NULL,
  PRIMARY KEY (`user_id`)
) ENGINE=InnoDB AUTO_INCREMENT=126 DEFAULT CHARSET=utf8;
/*!40101 SET character_set_client = @saved_cs_client */;

--
-- Dumping data for table `user`
--

LOCK TABLES `user` WRITE;
/*!40000 ALTER TABLE `user` DISABLE KEYS */;
INSERT INTO `user` VALUES (16,'user123','e61f25c3b12c3002a0d07cab6460809a','3786379397795420','111@qq.com','https://p3-pc.douyinpic.com/aweme/100x100/aweme-avatar/tos-cn-avt-0015_4126bcf60b2c894844689d854bf0536b.jpeg?from=2956013662','以后就发给','X3eQHQS9cO.jpg'),(17,'222','f4b06ee57ba0a6215dd9d10a97d9a8bc','1263066894143020','222@qq.com','//p9-pc-sign.douyinpic.com/aweme/100x100/aweme-avatar/tos-cn-avt-0015_db477a943cd6e1e75e4f0b55dcc24be8.jpeg?x-expires=1699034400&x-signature=LT4Lw6ujbAgJDAsrS73DniAhcZs%3D&from=2480802190',NULL,'headshot70.jpg'),(18,'333','b407e5a4b0eec2ee72ce042603bddf66','5972154696945359','333@qq.com','https://p3-pc.douyinpic.com/aweme/100x100/aweme-avatar/tos-cn-avt-0015_4126bcf60b2c894844689d854bf0536b.jpeg?from=2956013662',NULL,'headshot20.jpg'),(19,'444','f0c3ec90e7077b87fdd9028dccd92b5a','9222313663706421','444@qq.com','https://p3-pc.douyinpic.com/aweme/100x100/aweme-avatar/tos-cn-i-0813c001_okhetVItEDYpAXzMCgNMfFADAPEE6AaTAudyxA.jpeg?from=2956013662',NULL,'headshot35.jpg'),(20,'5','f1f0b0c1ae40c33efa90716c8633f05b','3592283598913830','5@qq.com','//p3-pc.douyinpic.com/aweme/100x100/aweme-avatar/tos-cn-avt-0015_f66cf2cadb449275cb67b2746286532a.jpeg?from=2956013662',NULL,'headshot56.jpg'),(21,'6','b6582fed3f0ae38131d466b3f286d1a4','6049549716920234','6@qq.com','https://p3-pc.douyinpic.com/aweme/100x100/aweme-avatar/tos-cn-avt-0015_23c29cbb7e63850a24ee37b5feec5501.jpeg?from=2956013662',NULL,'headshot34.jpg'),(23,'5645',NULL,NULL,NULL,NULL,NULL,'headshot30.jpg'),(24,'cxy','c72ad06a1da0a707613a95bbadf3dde4','1030638408603670','777@qq.com',NULL,'my name is cxy','2BOxO7JO31.jpg'),(25,'36eF5BCROS','293b830d2df442a3acba504281e5e296','7620768824760579','101@qq.com',NULL,NULL,'headshot10.jpg'),(26,'9398ezr7yJ','46c60d5532fa9ef684c8218040698bfb','7597015340180852','102@qq.com',NULL,NULL,'headshot20.jpg'),(27,'P5dlc2800e','09a3c069c8a111eba33734321bc93cad','7219280828422983','103@qq.com',NULL,NULL,'headshot30.jpg'),(28,'4V9F2zp5X9','74a9198fc3fa785e6bf4b83b7b17164c','9537312442137483','104@qq.com',NULL,NULL,'headshot40.jpg'),(29,'H1zgH3jNT4','c5000d0b8b64dc6d7a3cbc1e7cb2720b','7053588244628800','105@qq.com',NULL,NULL,'headshot5.jpg'),(30,'0b7vZ1BIF6','d933838508be6451d5de74070be70b64','8385816984288632','106@qq.com',NULL,NULL,'headshot6.jpg'),(31,'JPb89Rl428','c576ca1c1015fa3ecea259d575aa3fc2','7575718976813655','107@qq.com',NULL,NULL,'headshot7.jpg'),(32,'3902B1IEi3','7180c86bd433e9cf34ae386e26eb1887','6779357877619060','108@qq.com',NULL,NULL,'headshot8.jpg'),(33,'sZ1F0lJ249','4b661f2c6384e6674bac380a868b64c9','8035056933481380','109@qq.com',NULL,NULL,'headshot9.jpg'),(34,'62VlHR7QA0','552f33ae8423a6d3aa1126f597cf57fb','5283369064810204','110@qq.com',NULL,NULL,'headshot10.jpg'),(35,'3031G48523','408d4347384064018ee067f333cac9f6','1402199545318979','221@qq.com',NULL,NULL,'headshot11.jpg'),(36,'c8Q1f72l24','51b134711d0ae8dc13d1f2b38661f860','4282304643050409','112@qq.com',NULL,NULL,'headshot12.jpg'),(37,'09n2709b00','f137ba8c75e4ff3163fae1cc18c2d323','8792489740622900','113@qq.com',NULL,NULL,'headshot13.jpg'),(38,'91f1c7i5wL','5fe72c0bfaeafe14dacc165041fc549c','5248634371700450','114@qq.com',NULL,NULL,'headshot14.jpg'),(39,'0D6eG0cQ3i','5c947c775c0bb1e799d3b8327b10dc95','7179887576840095','115@qq.com',NULL,NULL,'headshot15.jpg'),(40,'BEBQY84Dl9','f41eda4d9c9686780783c0f095318cae','1338279499306909','116@qq.com',NULL,NULL,'headshot16.jpg'),(41,'oH44UL5212','74a1a6224c5c0293e411f7e136450db3','3344114131527580','117@qq.com',NULL,NULL,'headshot17.jpg'),(42,'D4px46A20O','24cf09a7bf8de384ae1f20a76a69e047','7962243916121669','118@qq.com',NULL,NULL,'headshot18.jpg'),(43,'18R106seAE','18e2c67e9d007cace71d0c0b39921339','4118604142843699','119@qq.com',NULL,NULL,'headshot19.jpg'),(44,'788pUH70Bo','68530ee34831542dbc433db1ad56148f','4879851074815172','120@qq.com',NULL,NULL,'headshot20.jpg'),(45,'tbQo486iz1','a2616f12f7f72149abc62d84d72b29c6','6549935851184989','121@qq.com',NULL,NULL,'headshot21.jpg'),(46,'38z1qY9418','adc26c677d076ad14d3372d9c9a36620','2893101683222549','122@qq.com',NULL,NULL,'headshot22.jpg'),(47,'9lmGTd1rj3','6f517b52e34a7f931f62ab103b208be1','9383145747807260','123@qq.com',NULL,NULL,'headshot23.jpg'),(48,'d1MA5q01q2','eb3d9834b9277f51234ea2d0f8f44f78','2344056934661137','124@qq.com',NULL,NULL,'headshot24.jpg'),(49,'uCK0i0Hfsv','93dff4ef62f744d8d0b7ca06a49142cf','3062235783773910','125@qq.com',NULL,NULL,'headshot25.jpg'),(50,'13997W1589','92b22f6b8752269e94c7f4e0f4dd2986','6510418375346853','126@qq.com',NULL,NULL,'headshot26.jpg'),(51,'e1517Va525','e0cf10091897f63603034eade77a395e','9309672540458557','127@qq.com',NULL,NULL,'headshot27.jpg'),(52,'3m11th6h95','dad9beaf45839ce372642d1247c47d5d','6381254947086210','128@qq.com',NULL,NULL,'headshot28.jpg'),(53,'546g060Cpt','f2d64a40daf452ea4a933a547ceb9e80','7348587591803200','129@qq.com',NULL,NULL,'headshot29.jpg'),(54,'4oSr493k9p','1986c7b1b0999c02547c739ece3b5d2f','3661493656838713','130@qq.com',NULL,NULL,'headshot30.jpg'),(55,'6489DJ21c7','1967cfed65ba060dc96d2e292f660132','1777437540511223','131@qq.com',NULL,NULL,'headshot31.jpg'),(56,'4ntG2ZHXO5','f70ff5f0c32cf29b4dad80160eb0dd1c','6581394290108364','132@qq.com',NULL,NULL,'headshot32.jpg'),(57,'74424OJRN4','93dff4ef62f744d8d0b7ca06a49142cf','7222233053771463','133@qq.com',NULL,NULL,'headshot33.jpg'),(58,'4tbOuROl99','0324dfb4e2941a7b493364867765682a','4046001537422737','134@qq.com',NULL,NULL,'headshot34.jpg'),(59,'36B87IKJ2s','5f962fdeffc54b012aa42a67c2171b51','4713771189437081','135@qq.com',NULL,NULL,'headshot35.jpg'),(60,'6X8bQ3wI5v','e05a0fc4a5a59904e191ec96f4f9e88a','5281834337946149','136@qq.com',NULL,NULL,'headshot36.jpg'),(61,'461a0368y5','0aa5b628e0c9c08ec29859040e4163bd','4524600018593339','137@qq.com',NULL,NULL,'headshot37.jpg'),(62,'583o4D6456','8477b52dfdc6c5b763a130ff6aa29bca','9733883022172443','138@qq.com',NULL,NULL,'headshot38.jpg'),(63,'HGo2FkZhm8','5acaf3075016b7b6b7f3dd26672913ac','5746573274530381','139@qq.com',NULL,NULL,'headshot39.jpg'),(64,'YeSw0kw7Ik','0c7fcc488abc6a5caceaaefa7e9c3c1e','8062066277677767','140@qq.com',NULL,NULL,'headshot40.jpg'),(65,'81FZ73gmh3','52b3e987f7685192066458e5d00761ce','5408800011891820','141@qq.com',NULL,NULL,'headshot41.jpg'),(66,'RHqlV63PPd','bfff3b5790305a2769416db126290e23','5270578785979682','142@qq.com',NULL,NULL,'headshot42.jpg'),(67,'1Zf659F5B2','1986c7b1b0999c02547c739ece3b5d2f','2672495749181336','143@qq.com',NULL,NULL,'headshot43.jpg'),(68,'87m0d103TM','26b3bac2dd641dea8063c4995b6b133d','5563417876857832','144@qq.com',NULL,NULL,'headshot44.jpg'),(69,'xR8P57w47s','9e4ac76d87501a76955c5cdb27264f19','3886142789446422','145@qq.com',NULL,NULL,'headshot45.jpg'),(70,'e889yZ70QS','38f5ca2152ad14129a9f76d2a62d09c0','6469086089208819','146@qq.com',NULL,NULL,'headshot46.jpg'),(71,'dN5F4u0s09','13bf4b7c92c96bbbad531a8f7fa29f88','3104879221628745','147@qq.com',NULL,NULL,'headshot47.jpg'),(72,'y7O8W48gN6','8aaf4e40199ad574a38c21be0cdb16f4','8841476587413707','148@qq.com',NULL,NULL,'headshot48.jpg'),(73,'24E8I5Be6F','27fa997cb47b6790bd55d78ec21d723c','2986546765310642','149@qq.com',NULL,NULL,'headshot49.jpg'),(74,'7230flx0u9','2b4c9d6a9ea3835c0f101b16b781afb3','8413515755226460','150@qq.com',NULL,NULL,'headshot50.jpg'),(75,'205iPf8Z66','8bdcbca2875a756736f04106e397ce94','3310042081779917','151@qq.com',NULL,NULL,'headshot51.jpg'),(76,'517W4WX99B','3f78777c431b64c4d345f75b9452f640','7372971766031471','152@qq.com',NULL,NULL,'headshot52.jpg'),(77,'c6t4u514o1','35780012953104f1b38a3ca4090b64e2','9409773542705411','153@qq.com',NULL,NULL,'headshot53.jpg'),(78,'5PKa9rO7A3','a7f64ec3699a3f1240cf6c8e11a1aad0','2966456356935000','154@qq.com',NULL,NULL,'headshot54.jpg'),(79,'x71f9206r1','53844e547c1a78c7325dfb7184e65ed7','2943687832158657','155@qq.com',NULL,NULL,'headshot55.jpg'),(80,'0v1F9dg46r','0d1275d0403c2907596a4d90206c2cbc','6405021066899395','156@qq.com',NULL,NULL,'headshot56.jpg'),(81,'88i352g405','52309d459e8536fdb88371871b9712cd','3619605786103645','157@qq.com',NULL,NULL,'headshot57.jpg'),(82,'Aj154j4710','682bd97ce8d9a13f897c57d9a3542994','7694829920574919','158@qq.com',NULL,NULL,'headshot58.jpg'),(83,'50u3ns1E8f','8723e6eda1b37a9ca10e3f9c0fa6e3e4','9587254053539635','159@qq.com',NULL,NULL,'headshot59.jpg'),(84,'bc8AeHHZw5','2a7ae46a2edcff167acd60cfb79424f3','5097809386025045','160@qq.com',NULL,NULL,'headshot60.jpg'),(85,'xP16F9z740','4bb480de2763004f524353aa9742a2e0','1405978566350153','161@qq.com',NULL,NULL,'headshot61.jpg'),(86,'cWunV7T9LQ','4199b615b9fabeb11cba0af7083fa3d1','7639525376149748','162@qq.com',NULL,NULL,'headshot62.jpg'),(87,'eNm9q8qHE1','c69062bd303e8ce4777c6d76d89a4af4','8697207827619190','163@qq.com',NULL,NULL,'headshot63.jpg'),(88,'S6r3yw4Q8p','0151a22e084bd2c662aa0cbd18c486e9','1185884973698410','164@qq.com',NULL,NULL,'headshot64.jpg'),(89,'7nV123sff2','ef0d6cc193f31eaa21d4a9412772862d','3505003970642940','165@qq.com',NULL,NULL,'headshot65.jpg'),(90,'1STd5F98AC','54233cc71119b356d88d7a380af03e75','4909194844760410','166@qq.com',NULL,NULL,'headshot66.jpg'),(91,'e65k3w1L7p','b87e7e1e08fe8f90d90d40fe5ef37800','7715012858699840','167@qq.com',NULL,NULL,'headshot67.jpg'),(92,'WPfJ6D793h','44c9c7f11a9e07e09bfcf06ee6bb4140','3299518418483980','168@qq.com',NULL,NULL,'headshot68.jpg'),(93,'E2f22r48F7','ed9b16e32790b0443584bf3ce43f5709','6034179532896532','169@qq.com',NULL,NULL,'headshot69.jpg'),(94,'3j671b50D2','453a4e971433eaaf9e0c6d88ed7fa248','4425828767734569','170@qq.com',NULL,NULL,'headshot70.jpg'),(95,'4j5Zpb81fH','99d32febb9d35e177306149ce0bd595b','3011872292057623','171@qq.com',NULL,NULL,'headshot71.jpg'),(96,'13m62a519i','0374bd1ca0cb0cda69aea4771d3e5b08','9829698174426582','172@qq.com',NULL,NULL,'headshot72.jpg'),(97,'6q82X1551z','4d81305df4da908774f403c031faa795','4914084125576827','173@qq.com',NULL,NULL,'headshot73.jpg'),(98,'1O81xg9dy5','0b2a9b9e5a6cfbf6df1b35040e266685','7138072220633530','174@qq.com',NULL,NULL,'headshot74.jpg'),(99,'z2L4h7113X','1ab4b1329b2874aef6f808acf1df50cf','4871661390402247','175@qq.com',NULL,NULL,'headshot75.jpg'),(100,'7GyfS7l25y','2e8eaff25ad34064e951fb07acdf7bc7','8160931717780920','176@qq.com',NULL,NULL,'headshot76.jpg'),(101,'IJuL8SF8A2','462c3d7718c378ef7722c2233d3133ce','8763127375525500','177@qq.com',NULL,NULL,'headshot77.jpg'),(102,'Y257j2o6Xa','d7aea625bc10df3fb80dfccd427ba37e','6712262384363203','178@qq.com',NULL,NULL,'headshot78.jpg'),(103,'i5SZXN0450','6c0c390a442ca2291cec274caa67cc2f','7013154452449535','179@qq.com',NULL,NULL,'headshot79.jpg'),(104,'8J8d90M67n','adad897d52aa50ce44fa3043d8f1156e','5289527588162317','180@qq.com',NULL,NULL,'headshot80.jpg'),(105,'2MLp51WJLe','462c3d7718c378ef7722c2233d3133ce','5192120948381575','181@qq.com',NULL,NULL,'headshot81.jpg'),(106,'ry3M3meWec','7718aae94f5de0b3268adfdeeeb96216','9680633973237632','182@qq.com',NULL,NULL,'headshot82.jpg'),(107,'djJ5Equb3L','3128041400062644fa25adaf348ab2dd','9214069764868132','183@qq.com',NULL,NULL,'headshot83.jpg'),(108,'a1b1P82c27','c1e557ab2151211080d0c51a343ee783','6796458194316510','184@qq.com',NULL,NULL,'headshot84.jpg'),(109,'jS2W49S5N4','27e39aaf29c4c35bc9a65f9cafd2b345','5682457445902712','185@qq.com',NULL,NULL,'headshot85.jpg'),(110,'s5tF98b2p4','a8b5d9c5165b867a1375dab0ad6c58a2','2359765795996566','186@qq.com',NULL,NULL,'headshot86.jpg'),(111,'72862ASN02','af537ba5c31757c6cbcb60f52ab20661','8024928858314656','187@qq.com',NULL,NULL,'headshot87.jpg'),(112,'3623DD26ry','92b22f6b8752269e94c7f4e0f4dd2986','1969419231653929','188@qq.com',NULL,NULL,'headshot88.jpg'),(113,'oLGDW6Hd7m','854c5d6404115b0b446b3a53aff19aa8','4768233379125419','189@qq.com',NULL,NULL,'headshot89.jpg'),(114,'787535z4Y1','42e3ea06a8e32041fa6b4208c8db2382','1102391887020750','190@qq.com',NULL,NULL,'headshot90.jpg'),(115,'0W1P35aOZm','bdf7bcb2327357107178f20e95b869bf','6042709408457790','191@qq.com',NULL,NULL,'headshot91.jpg'),(116,'6Ge71B28El','b752487221b86c1812ef9adcb2d54c6c','5323205179414477','192@qq.com',NULL,NULL,'headshot92.jpg'),(117,'02im199b2g','5da3ca8f8ab5e0b451dc5e12891bf955','9287399197679200','193@qq.com',NULL,NULL,'headshot93.jpg'),(118,'7sHg84brt6','e1b60057805a551df024ad7d18ecc923','9953016494690069','194@qq.com',NULL,NULL,'headshot94.jpg'),(119,'15Hm7PR50e','d173ac2687d8d7402f84dd1151db9c43','6756151348475913','195@qq.com',NULL,NULL,'headshot95.jpg'),(120,'626a481s0G','065dd4c8b6bad37a2f8cf685ead0b664','8932652976882550','196@qq.com',NULL,NULL,'headshot96.jpg'),(121,'786nn61ny2','3113242d69c2458ac24771044495316a','2180141250145531','197@qq.com',NULL,NULL,'headshot97.jpg'),(122,'5u5zIJFK24','8ed79f921aa0616708a32b18120a0fe8','2246619046854915','198@qq.com',NULL,NULL,'headshot98.jpg'),(123,'47N2N491zV','3ea3f4805684be9ddb534bf6036d9f26','2994708494352816','199@qq.com',NULL,NULL,'headshot99.jpg'),(124,'4Ef9K386nB','3cda59246b3c4ebaffcd55740e4ae867','4568624637682310','200@qq.com',NULL,NULL,'headshot100.jpg'),(125,'abcdefg','cffeff4fe8add58ecfb67d7e6304900e','2813809632118239','1663607838@qq.com','/D:/ideaProjects/videoPlayerBackEnd/target/classes/static\\head\\img.jpg',NULL,'leGd9MyNSZ.jpg');
/*!40000 ALTER TABLE `user` ENABLE KEYS */;
UNLOCK TABLES;

--
-- Table structure for table `video`
--

DROP TABLE IF EXISTS `video`;
/*!40101 SET @saved_cs_client     = @@character_set_client */;
/*!40101 SET character_set_client = utf8 */;
CREATE TABLE `video` (
  `video_id` int(11) NOT NULL AUTO_INCREMENT,
  `video_name` varchar(50) DEFAULT NULL,
  `user_id` int(11) DEFAULT NULL,
  `create_time` timestamp NULL DEFAULT NULL,
  `pageshot` varchar(300) DEFAULT NULL,
  `like_num` bigint(20) DEFAULT NULL,
  `star_num` bigint(20) DEFAULT NULL,
  `share_num` bigint(20) DEFAULT NULL,
  `video_path` varchar(300) DEFAULT NULL,
  `introduction` varchar(300) DEFAULT NULL,
  PRIMARY KEY (`video_id`)
) ENGINE=InnoDB AUTO_INCREMENT=148 DEFAULT CHARSET=utf8;
/*!40101 SET character_set_client = @saved_cs_client */;

--
-- Dumping data for table `video`
--

LOCK TABLES `video` WRITE;
/*!40000 ALTER TABLE `video` DISABLE KEYS */;
INSERT INTO `video` VALUES (1,'《史记》原文全解读！二十四史之首，竟然如此好看？【故事】01',24,'2023-10-27 21:37:32','http://s3604nf5a.hn-bkt.clouddn.com/BV12j411e7pm.jpg?e=1699277349&token=cjph6i_nsZJwxelLwEqaj4dlknNKEI94oVpRuRQF:q4hyl5eIGXdGuvElCpdil5IdvZg=',21,1,7,'http://s3604nf5a.hn-bkt.clouddn.com/BV12j411e7pm.mp4?e=1699108039&token=cjph6i_nsZJwxelLwEqaj4dlknNKEI94oVpRuRQF:jn_NNOS-PcPhZA40trhcGRZtG2g=','BV12j411e7pm.mp4'),(2,'他们正在通过发疯、自嘲、玩梗来解构心中最底层的恐惧和迷茫。',24,'2023-10-28 22:14:30','http://s3604nf5a.hn-bkt.clouddn.com/BV15G411C7Uv.jpg?e=1699277485&token=cjph6i_nsZJwxelLwEqaj4dlknNKEI94oVpRuRQF:P7pzz7IGrP2ecVE8CqnV-Rk3AnI=',6,1,3,'http://s3604nf5a.hn-bkt.clouddn.com/BV15G411C7Uv.mp4?e=1699273899&token=cjph6i_nsZJwxelLwEqaj4dlknNKEI94oVpRuRQF:ge1TmKh4M777B5bC2KkhjFqrG8E=','BV15G411C7Uv.mp4'),(5,'恶童杀了恩人全家，二十年前的罪孽，终成今日惨案！古装悬疑探案《繁城之下》第三回',18,'2023-10-29 15:31:07','http://s3604nf5a.hn-bkt.clouddn.com/BV12j411e7pm.jpg?e=1699277449&token=cjph6i_nsZJwxelLwEqaj4dlknNKEI94oVpRuRQF:n0V549jaOdFd80h6_hGO8rSvDR8=',0,0,0,'http://s3604nf5a.hn-bkt.clouddn.com/BV12j411e7pm.mp4?e=1699108039&token=cjph6i_nsZJwxelLwEqaj4dlknNKEI94oVpRuRQF:jn_NNOS-PcPhZA40trhcGRZtG2g=','BV12j411e7pm.mp4'),(6,'【阿斗】生不逢时的奇幻电影，脑洞大开却票房惨败！导致肖恩·康纳利从此退出影坛《天降奇兵》',19,'2023-11-01 15:31:07','http://s3604nf5a.hn-bkt.clouddn.com/BV12j411e7pm.jpg?e=1699277371&token=cjph6i_nsZJwxelLwEqaj4dlknNKEI94oVpRuRQF:dNztJivVPOr5GG2zdwc2DWcGWaU=',0,0,0,'http://s3604nf5a.hn-bkt.clouddn.com/BV12j411e7pm.mp4?e=1699108039&token=cjph6i_nsZJwxelLwEqaj4dlknNKEI94oVpRuRQF:jn_NNOS-PcPhZA40trhcGRZtG2g=','BV12j411e7pm.mp4'),(12,'【阿斗】生不逢时的奇幻电影，脑洞大开却票房惨败！导致肖恩·康纳利从此退出影坛《天降奇兵》',16,'2023-11-02 15:31:07','http://s3604nf5a.hn-bkt.clouddn.com/BV12j411e7pm.jpg?e=1699277401&token=cjph6i_nsZJwxelLwEqaj4dlknNKEI94oVpRuRQF:Ov65iHeL5aoq3EAM2S4pCeTs7wE=',0,0,0,'http://s3604nf5a.hn-bkt.clouddn.com/BV12j411e7pm.mp4?e=1699108039&token=cjph6i_nsZJwxelLwEqaj4dlknNKEI94oVpRuRQF:jn_NNOS-PcPhZA40trhcGRZtG2g=','BV12j411e7pm.mp4'),(64,'《史记》原文全解读！二十四史之首，竟然如此好看？【故事】01',64,'2023-11-06 15:31:07','http://s3604nf5a.hn-bkt.clouddn.com/BV1cM41197ui.jpg?e=1699276096&token=cjph6i_nsZJwxelLwEqaj4dlknNKEI94oVpRuRQF:cX2YSOvHz7mrVKDgo93yDeWEmu0=',0,0,0,'http://s3604nf5a.hn-bkt.clouddn.com/BV1cM41197ui.mp4?e=1699259467&token=cjph6i_nsZJwxelLwEqaj4dlknNKEI94oVpRuRQF:x_IOxNj-CuvJwWaB33SYJNYC9zs=','BV1cM41197ui.mp4'),(65,'讨厌舔狗',58,'2023-11-06 15:31:07','http://s3604nf5a.hn-bkt.clouddn.com/BV1Eu4y1E7wp.jpg?e=1699276099&token=cjph6i_nsZJwxelLwEqaj4dlknNKEI94oVpRuRQF:MyfZsskgeyjv3EBpxDNT5dKCzOM=',0,0,0,'http://s3604nf5a.hn-bkt.clouddn.com/BV1Eu4y1E7wp.mp4?e=1699259467&token=cjph6i_nsZJwxelLwEqaj4dlknNKEI94oVpRuRQF:NJASc_2v70_3HCPqm8hSNTTLM-s=','BV1Eu4y1E7wp.mp4'),(66,'「小白」关于小米 14/14 Pro 都在这了！',50,'2023-11-06 15:31:07','http://s3604nf5a.hn-bkt.clouddn.com/BV1nu4y1Y7XZ.jpg?e=1699276104&token=cjph6i_nsZJwxelLwEqaj4dlknNKEI94oVpRuRQF:Ph7zdfYqs1Rp4Pa0-0yZ6D3AlhA=',0,0,0,'http://s3604nf5a.hn-bkt.clouddn.com/BV1nu4y1Y7XZ.mp4?e=1699259467&token=cjph6i_nsZJwxelLwEqaj4dlknNKEI94oVpRuRQF:cz4bqyLLEFY9WjnV_57fx7sYIbM=','BV1nu4y1Y7XZ.mp4'),(67,'超级搜索技术，普通人变强的唯一外挂 | 全套宝藏实操秘技',99,'2023-11-06 15:31:07','http://s3604nf5a.hn-bkt.clouddn.com/BV1yw411F7J1.jpg?e=1699276109&token=cjph6i_nsZJwxelLwEqaj4dlknNKEI94oVpRuRQF:CU2Cr0sXcKQAvo3lnwNfVLrvmjs=',0,0,0,'http://s3604nf5a.hn-bkt.clouddn.com/BV1yw411F7J1.mp4?e=1699259467&token=cjph6i_nsZJwxelLwEqaj4dlknNKEI94oVpRuRQF:VX1ntB3LAUiIaAsHBtpWcVn3DP0=','BV1yw411F7J1.mp4'),(68,'男子持枪扫射保龄球馆，造成22人死亡60人受伤！EP290',122,'2023-11-06 15:31:08','http://s3604nf5a.hn-bkt.clouddn.com/BV1nj411e74F.jpg?e=1699276113&token=cjph6i_nsZJwxelLwEqaj4dlknNKEI94oVpRuRQF:kzfJWXC7veaf1p7gvTvXaQAdEZI=',0,0,0,'http://s3604nf5a.hn-bkt.clouddn.com/BV1nj411e74F.mp4?e=1699259467&token=cjph6i_nsZJwxelLwEqaj4dlknNKEI94oVpRuRQF:-m7OeohehInssPSa9NHvR1XuaO4=','BV1nj411e74F.mp4'),(69,'用事实说话，一带一路倡议，这十年到底给世界带来了什么？',69,'2023-11-06 15:31:08','http://s3604nf5a.hn-bkt.clouddn.com/BV1zw411X7iL.jpg?e=1699276119&token=cjph6i_nsZJwxelLwEqaj4dlknNKEI94oVpRuRQF:hhFMJe1CuXrdMfb5LtH-IG5v5yk=',0,0,0,'http://s3604nf5a.hn-bkt.clouddn.com/BV1zw411X7iL.mp4?e=1699259467&token=cjph6i_nsZJwxelLwEqaj4dlknNKEI94oVpRuRQF:4D5rKmn_S7QoSqyfRnTehaVPVuA=','BV1zw411X7iL.mp4'),(70,'除夕不放假？中国放假咋就这么难？',42,'2023-11-06 15:31:08','http://s3604nf5a.hn-bkt.clouddn.com/BV1Lc411f7oz.jpg?e=1699276122&token=cjph6i_nsZJwxelLwEqaj4dlknNKEI94oVpRuRQF:24nj_AnB_EZ3IMfMBHMEU_MrptE=',0,0,0,'http://s3604nf5a.hn-bkt.clouddn.com/BV1Lc411f7oz.mp4?e=1699259467&token=cjph6i_nsZJwxelLwEqaj4dlknNKEI94oVpRuRQF:Geen514Fz6FvX-XGSNF3pdyEJXU=','BV1Lc411f7oz.mp4'),(71,'《明日方舟：终末地》技术测试PV',31,'2023-11-06 15:31:08','http://s3604nf5a.hn-bkt.clouddn.com/BV1ph4y1i7Ua.jpg?e=1699276126&token=cjph6i_nsZJwxelLwEqaj4dlknNKEI94oVpRuRQF:gjhoSN86xeS3IGRHOIoZzN8qM-w=',0,0,0,'http://s3604nf5a.hn-bkt.clouddn.com/BV1ph4y1i7Ua.mp4?e=1699259467&token=cjph6i_nsZJwxelLwEqaj4dlknNKEI94oVpRuRQF:E4AeQiF59c-Loo53jXWLjrYO3bM=','BV1ph4y1i7Ua.mp4'),(72,'挣学分的任务罢了',117,'2023-11-06 15:31:08','http://s3604nf5a.hn-bkt.clouddn.com/BV1Tc411f7NW.jpg?e=1699276130&token=cjph6i_nsZJwxelLwEqaj4dlknNKEI94oVpRuRQF:Skj1DBYiMFAecpwH5o9E_PvE6Z4=',0,0,0,'http://s3604nf5a.hn-bkt.clouddn.com/BV1Tc411f7NW.mp4?e=1699259467&token=cjph6i_nsZJwxelLwEqaj4dlknNKEI94oVpRuRQF:Xe4YOoIvpa3E1s9lM8rld6qPezE=','BV1Tc411f7NW.mp4'),(73,'小米14性能分析：骁龙8Gen3到底有多强？',99,'2023-11-06 15:31:08','http://s3604nf5a.hn-bkt.clouddn.com/BV1me411R7Ha.jpg?e=1699276132&token=cjph6i_nsZJwxelLwEqaj4dlknNKEI94oVpRuRQF:0HncgfQxaHd_OwOC6BkXW6TMD4k=',0,0,0,'http://s3604nf5a.hn-bkt.clouddn.com/BV1me411R7Ha.mp4?e=1699259467&token=cjph6i_nsZJwxelLwEqaj4dlknNKEI94oVpRuRQF:D171DnnAJU7SpDnT0lr_V6prTOA=','BV1me411R7Ha.mp4'),(74,'【S13全球总决赛】10月26日 瑞士轮第四轮 WBG vs MAD',71,'2023-11-06 15:31:08','http://s3604nf5a.hn-bkt.clouddn.com/BV1KN411s7vP.jpg?e=1699276138&token=cjph6i_nsZJwxelLwEqaj4dlknNKEI94oVpRuRQF:BNdvkOWiit_3xw8QC6wOk8HBBP8=',0,0,0,'http://s3604nf5a.hn-bkt.clouddn.com/BV1KN411s7vP.mp4?e=1699259468&token=cjph6i_nsZJwxelLwEqaj4dlknNKEI94oVpRuRQF:DZev808pTv4tCD6uaJZZLuBPhqc=','BV1KN411s7vP.mp4'),(75,'河道剑魔2.0【Shy场时刻05】',34,'2023-11-06 15:31:08','http://s3604nf5a.hn-bkt.clouddn.com/BV1XC4y137VL.jpg?e=1699276145&token=cjph6i_nsZJwxelLwEqaj4dlknNKEI94oVpRuRQF:ciSQdwfHrPgrMsdscCEPluAHdjQ=',0,0,0,'http://s3604nf5a.hn-bkt.clouddn.com/BV1XC4y137VL.mp4?e=1699259468&token=cjph6i_nsZJwxelLwEqaj4dlknNKEI94oVpRuRQF:PLgffm93bjsfn4S1yn0q9DD4juc=','BV1XC4y137VL.mp4'),(76,'【SERGEY谢尔盖】金边火鸡腿+自制意面酱～烹饪过程＆咀嚼音助眠',19,'2023-11-06 15:31:08','http://s3604nf5a.hn-bkt.clouddn.com/BV1GN4y1k7V2.jpg?e=1699276150&token=cjph6i_nsZJwxelLwEqaj4dlknNKEI94oVpRuRQF:jLRrarMfVT2Kwb2WDhQWquHlQLM=',0,0,0,'http://s3604nf5a.hn-bkt.clouddn.com/BV1GN4y1k7V2.mp4?e=1699259468&token=cjph6i_nsZJwxelLwEqaj4dlknNKEI94oVpRuRQF:f5ZBKcYhZTarjhV70O-SrlAJsjI=','BV1GN4y1k7V2.mp4'),(77,'生活是灯，工作是油。要想亮灯，就要加油。',65,'2023-11-06 15:31:08','http://s3604nf5a.hn-bkt.clouddn.com/BV1C84y1R76d.jpg?e=1699276154&token=cjph6i_nsZJwxelLwEqaj4dlknNKEI94oVpRuRQF:IHWsx7pvuA2sqeYjh97ePuWsGMY=',0,0,0,'http://s3604nf5a.hn-bkt.clouddn.com/BV1C84y1R76d.mp4?e=1699259468&token=cjph6i_nsZJwxelLwEqaj4dlknNKEI94oVpRuRQF:iOgnX61t46H41MqyM_y6nD2rdOo=','BV1C84y1R76d.mp4'),(78,'《崩坏：星穹铁道》托帕&账账角色PV——「专家教学」',101,'2023-11-06 15:31:08','http://s3604nf5a.hn-bkt.clouddn.com/BV1kN4y1r7AL.jpg?e=1699276159&token=cjph6i_nsZJwxelLwEqaj4dlknNKEI94oVpRuRQF:xhtR_R0y1RfkytJceTji2gIP5hM=',0,0,0,'http://s3604nf5a.hn-bkt.clouddn.com/BV1kN4y1r7AL.mp4?e=1699259468&token=cjph6i_nsZJwxelLwEqaj4dlknNKEI94oVpRuRQF:l9OdXxR63rG9bzxEZKpqnmCaW7U=','BV1kN4y1r7AL.mp4'),(79,'乌克兰人杀猪，简直就是一场艺术表演，不愿快进一秒！',103,'2023-11-06 15:31:09','http://s3604nf5a.hn-bkt.clouddn.com/BV1yj411e7z2.jpg?e=1699276165&token=cjph6i_nsZJwxelLwEqaj4dlknNKEI94oVpRuRQF:7bnbyeA_vfN0gqUsibjvbfDeApc=',0,0,0,'http://s3604nf5a.hn-bkt.clouddn.com/BV1yj411e7z2.mp4?e=1699259468&token=cjph6i_nsZJwxelLwEqaj4dlknNKEI94oVpRuRQF:wGt-m1HdvRqdSIcga_441yXeNiA=','BV1yj411e7z2.mp4'),(80,'「小白」小米14性能测评：骁龙8Gen3到底什么水平？',78,'2023-11-06 15:31:09','http://s3604nf5a.hn-bkt.clouddn.com/BV17M411R7qy.jpg?e=1699276169&token=cjph6i_nsZJwxelLwEqaj4dlknNKEI94oVpRuRQF:fNZnUXZ_S66ChM7GeZQ5Fs0O-hQ=',0,0,0,'http://s3604nf5a.hn-bkt.clouddn.com/BV17M411R7qy.mp4?e=1699259468&token=cjph6i_nsZJwxelLwEqaj4dlknNKEI94oVpRuRQF:sJHUzPT8zMCSXLMeBrjgyk32MV4=','BV17M411R7qy.mp4'),(81,'为了一夜暴富，我用数学模型买足彩',73,'2023-11-06 15:31:09','http://s3604nf5a.hn-bkt.clouddn.com/BV1oc411R7PU.jpg?e=1699276175&token=cjph6i_nsZJwxelLwEqaj4dlknNKEI94oVpRuRQF:kt7B9WmoLXS4B2CTupDvc9UbSeI=',0,0,0,'http://s3604nf5a.hn-bkt.clouddn.com/BV1oc411R7PU.mp4?e=1699259468&token=cjph6i_nsZJwxelLwEqaj4dlknNKEI94oVpRuRQF:4moAQH_MmUK-m-FLKqUS4b7KJbw=','BV1oc411R7PU.mp4'),(82,'转笔，但是降维打击！3分钟上手无限轮回转笔连招！',83,'2023-11-06 15:31:09','http://s3604nf5a.hn-bkt.clouddn.com/BV15G411C7Uv.jpg?e=1699276179&token=cjph6i_nsZJwxelLwEqaj4dlknNKEI94oVpRuRQF:qRQqArE4UrhB-EUAtsxXXuiQPKo=',0,0,0,'http://s3604nf5a.hn-bkt.clouddn.com/BV15G411C7Uv.mp4?e=1699259468&token=cjph6i_nsZJwxelLwEqaj4dlknNKEI94oVpRuRQF:rRTNlBshz0F2kfTmWzp2muAfWPs=','BV15G411C7Uv.mp4'),(83,'【真实锐评】WBG 淘汰MAD：theshy河道剑魔不比当年 却更胜当年！下一轮就打LCK ！',88,'2023-11-06 15:31:09','http://s3604nf5a.hn-bkt.clouddn.com/BV18u4y1Y7PA.jpg?e=1699276185&token=cjph6i_nsZJwxelLwEqaj4dlknNKEI94oVpRuRQF:bbSLpkdhPCIg8Bl01lZqvKIBkIM=',0,0,0,'http://s3604nf5a.hn-bkt.clouddn.com/BV18u4y1Y7PA.mp4?e=1699259468&token=cjph6i_nsZJwxelLwEqaj4dlknNKEI94oVpRuRQF:S9nUHtmIJ1n2H-2S2rNgXAWn10g=','BV18u4y1Y7PA.mp4'),(84,'历时9年成功上映，全片没一个好人，但它依旧是一部经典！',54,'2023-11-06 15:31:09','http://s3604nf5a.hn-bkt.clouddn.com/BV1YG411C773.jpg?e=1699276189&token=cjph6i_nsZJwxelLwEqaj4dlknNKEI94oVpRuRQF:938nTPwY2E_fYUYPHNeOeYpbYao=',0,0,0,'http://s3604nf5a.hn-bkt.clouddn.com/BV1YG411C773.mp4?e=1699259468&token=cjph6i_nsZJwxelLwEqaj4dlknNKEI94oVpRuRQF:LSiJo0q6bpm53r2FuOdM4vA4CKE=','BV1YG411C773.mp4'),(85,'写竹人写意墨竹',118,'2023-11-06 15:31:09','http://s3604nf5a.hn-bkt.clouddn.com/BV1qN411W7A1.jpg?e=1699276195&token=cjph6i_nsZJwxelLwEqaj4dlknNKEI94oVpRuRQF:l3mt84UPCrduQ6dBLsniTtH9B58=',0,0,0,'http://s3604nf5a.hn-bkt.clouddn.com/BV1qN411W7A1.mp4?e=1699259469&token=cjph6i_nsZJwxelLwEqaj4dlknNKEI94oVpRuRQF:BUa32wFoC_KVlWdm_WjRMOtNVoo=','BV1qN411W7A1.mp4'),(86,'探秘全球最危险，迪拜空中餐厅！吃牛排要签生死状？',46,'2023-11-06 15:31:09','http://s3604nf5a.hn-bkt.clouddn.com/BV1mw411F7VZ.jpg?e=1699276200&token=cjph6i_nsZJwxelLwEqaj4dlknNKEI94oVpRuRQF:1Ty2a5v5a6Aq5QKeTqoY5zowlNE=',0,0,0,'http://s3604nf5a.hn-bkt.clouddn.com/BV1mw411F7VZ.mp4?e=1699259469&token=cjph6i_nsZJwxelLwEqaj4dlknNKEI94oVpRuRQF:BOuBZ5xAXe_po0MBaYFgQ3NRt1g=','BV1mw411F7VZ.mp4'),(87,'戏曲国家队组合出战！《云上五骁·倏忽之战》好戏开场！',93,'2023-11-06 15:31:09','http://s3604nf5a.hn-bkt.clouddn.com/BV1sH4y1r7pi.jpg?e=1699276205&token=cjph6i_nsZJwxelLwEqaj4dlknNKEI94oVpRuRQF:6G24bWr2uX7D9cLAa95VI1YBjZg=',0,0,0,'http://s3604nf5a.hn-bkt.clouddn.com/BV1sH4y1r7pi.mp4?e=1699259469&token=cjph6i_nsZJwxelLwEqaj4dlknNKEI94oVpRuRQF:8eKA8OM_AVnelXxqY9He2hTzYZ4=','BV1sH4y1r7pi.mp4'),(88,'世界上最长的烤肉大串！30个师傅同时烤，200米长根本拿不动！',39,'2023-11-06 15:31:09','http://s3604nf5a.hn-bkt.clouddn.com/BV1vw411z7EB.jpg?e=1699276209&token=cjph6i_nsZJwxelLwEqaj4dlknNKEI94oVpRuRQF:RkJkI42Z6WykmH9Qxp3kFGtJh9E=',0,0,0,'http://s3604nf5a.hn-bkt.clouddn.com/BV1vw411z7EB.mp4?e=1699259469&token=cjph6i_nsZJwxelLwEqaj4dlknNKEI94oVpRuRQF:ZtafkrX7ND2DO-BEDS4onCYsVZQ=','BV1vw411z7EB.mp4'),(89,'这家健身房跑路的原因连法官听了都落泪...',106,'2023-11-06 15:31:09','http://s3604nf5a.hn-bkt.clouddn.com/BV14C4y137ei.jpg?e=1699276215&token=cjph6i_nsZJwxelLwEqaj4dlknNKEI94oVpRuRQF:9XWqoolOLaRpOG3W68Eu0hL53kU=',0,0,0,'http://s3604nf5a.hn-bkt.clouddn.com/BV14C4y137ei.mp4?e=1699259469&token=cjph6i_nsZJwxelLwEqaj4dlknNKEI94oVpRuRQF:SVSq7OFfxympsZt1FfaFk7YiMHQ=','BV14C4y137ei.mp4'),(90,'绝区零拿到版号了！又是米哈游的回合！',110,'2023-11-06 15:31:09','http://s3604nf5a.hn-bkt.clouddn.com/BV1x84y1R7Lm.jpg?e=1699276219&token=cjph6i_nsZJwxelLwEqaj4dlknNKEI94oVpRuRQF:pnlbMDhy29QX3u--CeultLh3mhQ=',1,0,1,'http://s3604nf5a.hn-bkt.clouddn.com/BV1x84y1R7Lm.mp4?e=1699259469&token=cjph6i_nsZJwxelLwEqaj4dlknNKEI94oVpRuRQF:7TujYxeHWnwVdoHOIzwGGYlw1aw=','BV1x84y1R7Lm.mp4'),(91,'全球首发！小米14 率先搭载 骁龙Gen 3 | 真机性能实测「科技美学现场」',16,'2023-11-06 15:31:10','http://s3604nf5a.hn-bkt.clouddn.com/BV1zC4y137VZ.jpg?e=1699276221&token=cjph6i_nsZJwxelLwEqaj4dlknNKEI94oVpRuRQF:IGUIhYbmSZ9mBwNOUWe152h-UyU=',1,1,1,'http://s3604nf5a.hn-bkt.clouddn.com/BV1zC4y137VZ.mp4?e=1699259469&token=cjph6i_nsZJwxelLwEqaj4dlknNKEI94oVpRuRQF:h28pRRxTdO4BvBST7j8tUEqVhDg=','BV1zC4y137VZ.mp4'),(92,'你们传纸条都传什么内容？',109,'2023-11-06 15:31:10','http://s3604nf5a.hn-bkt.clouddn.com/BV12j411e7pm.jpg?e=1699276224&token=cjph6i_nsZJwxelLwEqaj4dlknNKEI94oVpRuRQF:SrKNKgbdAqG6ivlT-3RTS862kaA=',0,0,0,'http://s3604nf5a.hn-bkt.clouddn.com/BV12j411e7pm.mp4?e=1699259469&token=cjph6i_nsZJwxelLwEqaj4dlknNKEI94oVpRuRQF:wYePQPBDq9DFNuXvoEDzWIJ_E-I=','BV12j411e7pm.mp4'),(93,'当 代 年 轻 人 快 感 现 状',124,'2023-11-06 15:31:10','http://s3604nf5a.hn-bkt.clouddn.com/BV13Q4y1W7rn.jpg?e=1699276227&token=cjph6i_nsZJwxelLwEqaj4dlknNKEI94oVpRuRQF:-ljc558M1rooXwgK-zfypiTe_0g=',0,0,0,'http://s3604nf5a.hn-bkt.clouddn.com/BV13Q4y1W7rn.mp4?e=1699259469&token=cjph6i_nsZJwxelLwEqaj4dlknNKEI94oVpRuRQF:MYbz1sSGw030SbJcdJ9zUi8OcFc=','BV13Q4y1W7rn.mp4'),(94,'10块钱预算能做出什么样的艺术品',37,'2023-11-06 15:31:10','http://s3604nf5a.hn-bkt.clouddn.com/BV1Xw411B7Gf.jpg?e=1699276230&token=cjph6i_nsZJwxelLwEqaj4dlknNKEI94oVpRuRQF:t3OWsPvhEmYPXd8V9fM_ty7_04Y=',0,0,0,'http://s3604nf5a.hn-bkt.clouddn.com/BV1Xw411B7Gf.mp4?e=1699259469&token=cjph6i_nsZJwxelLwEqaj4dlknNKEI94oVpRuRQF:n7hUtonB3bLIIhLKTcIYodtKP64=','BV1Xw411B7Gf.mp4'),(95,'【食录】为什么买大闸蟹要用蟹卡？',101,'2023-11-06 15:31:10','http://s3604nf5a.hn-bkt.clouddn.com/BV1684y1R74f.jpg?e=1699276234&token=cjph6i_nsZJwxelLwEqaj4dlknNKEI94oVpRuRQF:OJZTmmFgFhq_lZ94GyUDaTJlwKg=',0,0,0,'http://s3604nf5a.hn-bkt.clouddn.com/BV1684y1R74f.mp4?e=1699259469&token=cjph6i_nsZJwxelLwEqaj4dlknNKEI94oVpRuRQF:Ek8qHkSMIbseRNCiUngeUaUhdjE=','BV1684y1R74f.mp4'),(96,'重温当年现象级古装爽文神剧《延禧攻略》！魏姐的爽快人生....',121,'2023-11-06 15:31:10','http://s3604nf5a.hn-bkt.clouddn.com/BV1Mj411e799.jpg?e=1699276241&token=cjph6i_nsZJwxelLwEqaj4dlknNKEI94oVpRuRQF:6ikFGAjuib2xO4qchMwxkJLncMo=',0,0,0,'http://s3604nf5a.hn-bkt.clouddn.com/BV1Mj411e799.mp4?e=1699259470&token=cjph6i_nsZJwxelLwEqaj4dlknNKEI94oVpRuRQF:ikGGX9nDZ0eMGz1FZ2_05VwysZg=','BV1Mj411e799.mp4'),(97,'搞笑游戏瞬间，哈哈哈笑不停',20,'2023-11-06 15:31:10','http://s3604nf5a.hn-bkt.clouddn.com/BV1Q84y1976f.jpg?e=1699276243&token=cjph6i_nsZJwxelLwEqaj4dlknNKEI94oVpRuRQF:xGGI2n2rq-oTnhxyMIooJuRgvzM=',0,0,0,'http://s3604nf5a.hn-bkt.clouddn.com/BV1Q84y1976f.mp4?e=1699259470&token=cjph6i_nsZJwxelLwEqaj4dlknNKEI94oVpRuRQF:EpHHWRpD9WvMf9EnMHb6AMT4zec=','BV1Q84y1976f.mp4'),(98,'阔别36年，费翔重新演绎《故乡的云》',105,'2023-11-06 15:31:10','http://s3604nf5a.hn-bkt.clouddn.com/BV1MQ4y1H7GJ.jpg?e=1699276248&token=cjph6i_nsZJwxelLwEqaj4dlknNKEI94oVpRuRQF:pKdtmaoxg53PCo7Bk1PUB-08Cwc=',0,0,0,'http://s3604nf5a.hn-bkt.clouddn.com/BV1MQ4y1H7GJ.mp4?e=1699259470&token=cjph6i_nsZJwxelLwEqaj4dlknNKEI94oVpRuRQF:Kmrn-uNfN_xcEe4rQh6etVv_RVk=','BV1MQ4y1H7GJ.mp4'),(99,'冰岛｜现在开始进入死亡搁浅 4K HDR',116,'2023-11-06 15:31:10','http://s3604nf5a.hn-bkt.clouddn.com/BV1rc411o7PJ.jpg?e=1699276256&token=cjph6i_nsZJwxelLwEqaj4dlknNKEI94oVpRuRQF:zYB8Kdj_7C80P-MGNmcUx9Rp30Q=',0,0,0,'http://s3604nf5a.hn-bkt.clouddn.com/BV1rc411o7PJ.mp4?e=1699259470&token=cjph6i_nsZJwxelLwEqaj4dlknNKEI94oVpRuRQF:BtqXhMn0uGBZiGcOiF7FP9lSE3o=','BV1rc411o7PJ.mp4'),(100,'疾速追杀小卖部',37,'2023-11-06 15:31:10','http://s3604nf5a.hn-bkt.clouddn.com/BV1zw411F7Rh.jpg?e=1699276259&token=cjph6i_nsZJwxelLwEqaj4dlknNKEI94oVpRuRQF:zkhFs42nCKFZ5Zw9aHTdAXjoJxo=',0,0,0,'http://s3604nf5a.hn-bkt.clouddn.com/BV1zw411F7Rh.mp4?e=1699259470&token=cjph6i_nsZJwxelLwEqaj4dlknNKEI94oVpRuRQF:Ge70nhzxCAgbWypiS5ivuMzkdOE=','BV1zw411F7Rh.mp4'),(101,'100天创作我的真人版海贼王',91,'2023-11-06 15:31:11','http://s3604nf5a.hn-bkt.clouddn.com/BV1ew411F7pq.jpg?e=1699276265&token=cjph6i_nsZJwxelLwEqaj4dlknNKEI94oVpRuRQF:PBn09nhDVxaRaL4Nci47tALD7x8=',0,0,0,'http://s3604nf5a.hn-bkt.clouddn.com/BV1ew411F7pq.mp4?e=1699259470&token=cjph6i_nsZJwxelLwEqaj4dlknNKEI94oVpRuRQF:bku1v4P-ub2x-k3yAc2dEF4GKeg=','BV1ew411F7pq.mp4'),(102,'中越边境的边境墙，为了防止偷渡和走私，也是下大力气了',122,'2023-11-06 15:31:11','http://s3604nf5a.hn-bkt.clouddn.com/BV1vC4y137Ma.jpg?e=1699276270&token=cjph6i_nsZJwxelLwEqaj4dlknNKEI94oVpRuRQF:DEn09qlSlnWHH868CRdN_W-1kLI=',0,0,0,'http://s3604nf5a.hn-bkt.clouddn.com/BV1vC4y137Ma.mp4?e=1699259470&token=cjph6i_nsZJwxelLwEqaj4dlknNKEI94oVpRuRQF:DiJk-vfX53UlRFYdiUVO33kIsDY=','BV1vC4y137Ma.mp4'),(103,'从不敢让领导坐，到不需要人来飞，中国无人直升机有多牛？',20,'2023-11-06 15:31:11','http://s3604nf5a.hn-bkt.clouddn.com/BV1uQ4y1W7MH.jpg?e=1699276273&token=cjph6i_nsZJwxelLwEqaj4dlknNKEI94oVpRuRQF:gZRLo3ZDuxOsIrnU0xMgcu7Yhz0=',0,0,0,'http://s3604nf5a.hn-bkt.clouddn.com/BV1uQ4y1W7MH.mp4?e=1699259470&token=cjph6i_nsZJwxelLwEqaj4dlknNKEI94oVpRuRQF:eDmeEuZSzhpynpYDPlHLUdXParQ=','BV1uQ4y1W7MH.mp4'),(105,'《神：赐你S级偷窃，你拿来偷我？》 开局',84,'2023-11-06 16:11:40','http://s3604nf5a.hn-bkt.clouddn.com/BV17Q4y1W7tN.jpg?e=1699277012&token=cjph6i_nsZJwxelLwEqaj4dlknNKEI94oVpRuRQF:wGUB2JW-D4cEBAaG2NHGHqYVVn4=',0,0,0,'http://s3604nf5a.hn-bkt.clouddn.com/BV17Q4y1W7tN.mp4?e=1699261900&token=cjph6i_nsZJwxelLwEqaj4dlknNKEI94oVpRuRQF:23i_I0D1e23Xgmcbid6-ZgjOumI=','BV17Q4y1W7tN.mp4'),(106,'CNDOTA最后的天才选手重返Ti，再寻',73,'2023-11-06 16:11:41','http://s3604nf5a.hn-bkt.clouddn.com/BV1nj411e7bn.jpg?e=1699277015&token=cjph6i_nsZJwxelLwEqaj4dlknNKEI94oVpRuRQF:MmO6TmpwTaHA1VgxJ7it3Rp4EOg=',0,0,0,'http://s3604nf5a.hn-bkt.clouddn.com/BV1nj411e7bn.mp4?e=1699261900&token=cjph6i_nsZJwxelLwEqaj4dlknNKEI94oVpRuRQF:5F8zbnqyXFFnmNE0ao3AvCr6FMQ=','BV1nj411e7bn.mp4'),(107,'【SERGEY谢尔盖】辣五花肉配上炒土豆',56,'2023-11-06 16:11:41','http://s3604nf5a.hn-bkt.clouddn.com/BV18C4y137p6.jpg?e=1699277019&token=cjph6i_nsZJwxelLwEqaj4dlknNKEI94oVpRuRQF:7TRBwwvfxYlRvBaV4y09fnG98OQ=',0,0,0,'http://s3604nf5a.hn-bkt.clouddn.com/BV18C4y137p6.mp4?e=1699261900&token=cjph6i_nsZJwxelLwEqaj4dlknNKEI94oVpRuRQF:C1hURNQTQc9QcNgWnvv_-esvjF0=','BV18C4y137p6.mp4'),(108,'【扁豆】如果是糟粕，为何能存在千年？一部',117,'2023-11-06 16:11:41','http://s3604nf5a.hn-bkt.clouddn.com/BV1aN411W76P.jpg?e=1699277024&token=cjph6i_nsZJwxelLwEqaj4dlknNKEI94oVpRuRQF:AopfVkOmbCzgwB8Ps7LbrNWAag4=',0,0,0,'http://s3604nf5a.hn-bkt.clouddn.com/BV1aN411W76P.mp4?e=1699261900&token=cjph6i_nsZJwxelLwEqaj4dlknNKEI94oVpRuRQF:MT-lmQVgPn-QG9DoKoZDu5nGQTw=','BV1aN411W76P.mp4'),(109,'【烂活电竞第二季02】宾哥啊，怎么汗流浃',33,'2023-11-06 16:11:41','http://s3604nf5a.hn-bkt.clouddn.com/BV1hu4y1n7ff.jpg?e=1699277028&token=cjph6i_nsZJwxelLwEqaj4dlknNKEI94oVpRuRQF:1t2y8CYTpxfPYhOqEtDm2yKpHg4=',1,1,0,'http://s3604nf5a.hn-bkt.clouddn.com/BV1hu4y1n7ff.mp4?e=1699261901&token=cjph6i_nsZJwxelLwEqaj4dlknNKEI94oVpRuRQF:Vs9KTp3XiRHqWddpV88t0uVAknQ=','BV1hu4y1n7ff.mp4'),(110,'神 不 在 西 天',17,'2023-11-06 16:11:41','http://s3604nf5a.hn-bkt.clouddn.com/BV1Vh4y1B7he.jpg?e=1699277030&token=cjph6i_nsZJwxelLwEqaj4dlknNKEI94oVpRuRQF:n41UhTR-Crii1fjPKChAjG38Wak=',0,0,0,'http://s3604nf5a.hn-bkt.clouddn.com/BV1Vh4y1B7he.mp4?e=1699261901&token=cjph6i_nsZJwxelLwEqaj4dlknNKEI94oVpRuRQF:A27oIf2faIPsvymt06Zzid8_kig=','BV1Vh4y1B7he.mp4'),(111,'太卷了，郭老师都开始用英文说单口相声了。',98,'2023-11-06 16:11:41','http://s3604nf5a.hn-bkt.clouddn.com/BV1nM411X7Kt.jpg?e=1699277033&token=cjph6i_nsZJwxelLwEqaj4dlknNKEI94oVpRuRQF:NHYtlt7yd7KrYJSMWyXhT5RYo2U=',0,0,0,'http://s3604nf5a.hn-bkt.clouddn.com/BV1nM411X7Kt.mp4?e=1699261901&token=cjph6i_nsZJwxelLwEqaj4dlknNKEI94oVpRuRQF:XX2bl099wO5J_Un6ydH5vMh11Ok=','BV1nM411X7Kt.mp4'),(112,'海贼王1096话完整解说：神之谷巅峰大决',100,'2023-11-06 16:11:41','http://s3604nf5a.hn-bkt.clouddn.com/BV1mM411X7m7.jpg?e=1699277037&token=cjph6i_nsZJwxelLwEqaj4dlknNKEI94oVpRuRQF:xGRMdtg4N7VseCROgqsgHy8QZNI=',0,0,0,'http://s3604nf5a.hn-bkt.clouddn.com/BV1mM411X7m7.mp4?e=1699261901&token=cjph6i_nsZJwxelLwEqaj4dlknNKEI94oVpRuRQF:HnK8eQIlNAZNM4YvGyw_k8FR74I=','BV1mM411X7m7.mp4'),(113,'“对线生活的召唤师”之坚如磐石',40,'2023-11-06 16:11:41','http://s3604nf5a.hn-bkt.clouddn.com/BV1NN4y1y7EX.jpg?e=1699277044&token=cjph6i_nsZJwxelLwEqaj4dlknNKEI94oVpRuRQF:_02rNZQOqETJoe6EZrEov3ALSs0=',0,0,0,'http://s3604nf5a.hn-bkt.clouddn.com/BV1NN4y1y7EX.mp4?e=1699261901&token=cjph6i_nsZJwxelLwEqaj4dlknNKEI94oVpRuRQF:jpgZzJWiZKKhLOT0fAdX7G9iqEk=','BV1NN4y1y7EX.mp4'),(114,'教你画猫',115,'2023-11-06 16:11:41','http://s3604nf5a.hn-bkt.clouddn.com/BV1zy4y1w752.jpg?e=1699277046&token=cjph6i_nsZJwxelLwEqaj4dlknNKEI94oVpRuRQF:Amib3QfgweaBN52XAEAi7TdCh7M=',0,0,0,'http://s3604nf5a.hn-bkt.clouddn.com/BV1zy4y1w752.mp4?e=1699261901&token=cjph6i_nsZJwxelLwEqaj4dlknNKEI94oVpRuRQF:thVKhkIjZrKgj-WpyEA08cEPsaM=','BV1zy4y1w752.mp4'),(115,'我 又 起 猛 了！？',72,'2023-11-06 16:11:42','http://s3604nf5a.hn-bkt.clouddn.com/BV12w411F7Qd.jpg?e=1699277054&token=cjph6i_nsZJwxelLwEqaj4dlknNKEI94oVpRuRQF:2iq4LZzMr2dITedzW_wzsv-Pmvg=',0,0,0,'http://s3604nf5a.hn-bkt.clouddn.com/BV12w411F7Qd.mp4?e=1699261901&token=cjph6i_nsZJwxelLwEqaj4dlknNKEI94oVpRuRQF:fUqFx8Zv1j6w_fi84UCl-9Bkze0=','BV12w411F7Qd.mp4'),(116,'他们正在通过发疯、自嘲、玩梗来解构心中最',85,'2023-11-06 16:11:42','http://s3604nf5a.hn-bkt.clouddn.com/BV1Qy4y1w7EY.jpg?e=1699277058&token=cjph6i_nsZJwxelLwEqaj4dlknNKEI94oVpRuRQF:3VURaSf2d23LUrLjhO5wg1PEYck=',0,0,0,'http://s3604nf5a.hn-bkt.clouddn.com/BV1Qy4y1w7EY.mp4?e=1699261901&token=cjph6i_nsZJwxelLwEqaj4dlknNKEI94oVpRuRQF:vA0Z2MAOa05KKo_ms90X7imWdJs=','BV1Qy4y1w7EY.mp4'),(117,'家里217棵桂花树同时开花，染了一地的香',52,'2023-11-06 16:11:42','http://s3604nf5a.hn-bkt.clouddn.com/BV1U84y197NG.jpg?e=1699277063&token=cjph6i_nsZJwxelLwEqaj4dlknNKEI94oVpRuRQF:uPa-60ljQuQHaBYaDZtT_ALZXeg=',0,0,0,'http://s3604nf5a.hn-bkt.clouddn.com/BV1U84y197NG.mp4?e=1699261901&token=cjph6i_nsZJwxelLwEqaj4dlknNKEI94oVpRuRQF:Dob_aJecr2BP9AmZ53wqMjnM9jE=','BV1U84y197NG.mp4'),(118,'这年头，谁还结婚啊',82,'2023-11-06 16:11:42','http://s3604nf5a.hn-bkt.clouddn.com/BV1je411d7TR.jpg?e=1699277066&token=cjph6i_nsZJwxelLwEqaj4dlknNKEI94oVpRuRQF:WcRo4BWlfDRBUTShRAjZgTic__4=',0,0,0,'http://s3604nf5a.hn-bkt.clouddn.com/BV1je411d7TR.mp4?e=1699261901&token=cjph6i_nsZJwxelLwEqaj4dlknNKEI94oVpRuRQF:EVqe3nlvKbfKv8DPUKxYIq8tpEU=','BV1je411d7TR.mp4'),(119,'你们小时候看少儿频道嘛？如果看过我们的话',73,'2023-11-06 16:11:42','http://s3604nf5a.hn-bkt.clouddn.com/BV17w411z7bU.jpg?e=1699277070&token=cjph6i_nsZJwxelLwEqaj4dlknNKEI94oVpRuRQF:2eGConl2wS-UgmPkSBG9M50jLeM=',0,0,0,'http://s3604nf5a.hn-bkt.clouddn.com/BV17w411z7bU.mp4?e=1699261901&token=cjph6i_nsZJwxelLwEqaj4dlknNKEI94oVpRuRQF:g3aRDQOEmbjXtjHcL57g8smWbTM=','BV17w411z7bU.mp4'),(120,'恶童杀了恩人全家，二十年前的罪孽，终成今',104,'2023-11-06 16:11:42','http://s3604nf5a.hn-bkt.clouddn.com/BV14B4y1d7bp.jpg?e=1699277075&token=cjph6i_nsZJwxelLwEqaj4dlknNKEI94oVpRuRQF:gK3e4lseOill39w5uyK_5WsXCR8=',0,0,0,'http://s3604nf5a.hn-bkt.clouddn.com/BV14B4y1d7bp.mp4?e=1699261901&token=cjph6i_nsZJwxelLwEqaj4dlknNKEI94oVpRuRQF:eSTzCLbvuQIlZJuZ1i9JAnFA0xg=','BV14B4y1d7bp.mp4'),(121,'【明日方舟：终末地】上太空啦！！玩法&剧',54,'2023-11-06 16:11:42','http://s3604nf5a.hn-bkt.clouddn.com/BV1N94y157HJ.jpg?e=1699277078&token=cjph6i_nsZJwxelLwEqaj4dlknNKEI94oVpRuRQF:rIeiEOXsMV7Uht0FQxUrvNd6YDI=',0,0,0,'http://s3604nf5a.hn-bkt.clouddn.com/BV1N94y157HJ.mp4?e=1699261902&token=cjph6i_nsZJwxelLwEqaj4dlknNKEI94oVpRuRQF:bqZrGqRaiERjkbHyiRJvKAjysN8=','BV1N94y157HJ.mp4'),(122,'【阿斗】生不逢时的奇幻电影，脑洞大开却票',85,'2023-11-06 16:11:42','http://s3604nf5a.hn-bkt.clouddn.com/BV1d94y1L7RK.jpg?e=1699277082&token=cjph6i_nsZJwxelLwEqaj4dlknNKEI94oVpRuRQF:_ETzfNhx0-FhAxQDPAy-jendJeI=',0,0,0,'http://s3604nf5a.hn-bkt.clouddn.com/BV1d94y1L7RK.mp4?e=1699261902&token=cjph6i_nsZJwxelLwEqaj4dlknNKEI94oVpRuRQF:V1ERMtbqRZK2o8fTPDpJQAUs_EY=','BV1d94y1L7RK.mp4'),(123,'四蛙辛格到此一油',86,'2023-11-06 16:11:42','http://s3604nf5a.hn-bkt.clouddn.com/BV1tC4y137HE.jpg?e=1699277085&token=cjph6i_nsZJwxelLwEqaj4dlknNKEI94oVpRuRQF:T8XJzy9OCbWePM3hZU8eoPtg43Y=',0,0,0,'http://s3604nf5a.hn-bkt.clouddn.com/BV1tC4y137HE.mp4?e=1699261902&token=cjph6i_nsZJwxelLwEqaj4dlknNKEI94oVpRuRQF:NcycEtscQv81zbtOPpX_UXxy8N4=','BV1tC4y137HE.mp4'),(124,'儿子不爽父亲当牛郎！发起单挑，没打过！【',120,'2023-11-06 16:11:42','http://s3604nf5a.hn-bkt.clouddn.com/BV1We411d79z.jpg?e=1699277089&token=cjph6i_nsZJwxelLwEqaj4dlknNKEI94oVpRuRQF:WCsk1D83j2XdmwFMVUVz2uYqByc=',0,0,0,'http://s3604nf5a.hn-bkt.clouddn.com/BV1We411d79z.mp4?e=1699261902&token=cjph6i_nsZJwxelLwEqaj4dlknNKEI94oVpRuRQF:1ogRkKCuXmNCbIyDyKGoIh18At8=','BV1We411d79z.mp4'),(125,'2个30岁男人做了款游戏 全球血赚200',28,'2023-11-06 16:11:42','http://s3604nf5a.hn-bkt.clouddn.com/BV1uw411c7MA.jpg?e=1699277093&token=cjph6i_nsZJwxelLwEqaj4dlknNKEI94oVpRuRQF:pRQvP9hWbXhVelQ7OC7RrnyY9SI=',0,0,0,'http://s3604nf5a.hn-bkt.clouddn.com/BV1uw411c7MA.mp4?e=1699261902&token=cjph6i_nsZJwxelLwEqaj4dlknNKEI94oVpRuRQF:Uvnwpu_AT8L3_MdMDMIVBaPHfok=','BV1uw411c7MA.mp4'),(126,'⚡ 最有安全感的一集 ⚡',81,'2023-11-06 16:11:42','http://s3604nf5a.hn-bkt.clouddn.com/BV1Ru4y1a7KD.jpg?e=1699277097&token=cjph6i_nsZJwxelLwEqaj4dlknNKEI94oVpRuRQF:-fsXKjCXaiYW4-J0cIn48wabp58=',0,0,0,'http://s3604nf5a.hn-bkt.clouddn.com/BV1Ru4y1a7KD.mp4?e=1699261902&token=cjph6i_nsZJwxelLwEqaj4dlknNKEI94oVpRuRQF:lzyF3fV734GYzpBtjonW46vJPKI=','BV1Ru4y1a7KD.mp4'),(127,'【逗鱼时刻】第406期 优势稳，劣势拼！',118,'2023-11-06 16:11:43','http://s3604nf5a.hn-bkt.clouddn.com/BV1Q94y1V7F7.jpg?e=1699277102&token=cjph6i_nsZJwxelLwEqaj4dlknNKEI94oVpRuRQF:WYXm6ZWtlpI7-67PAzgywSQ2ZNM=',0,0,0,'http://s3604nf5a.hn-bkt.clouddn.com/BV1Q94y1V7F7.mp4?e=1699261902&token=cjph6i_nsZJwxelLwEqaj4dlknNKEI94oVpRuRQF:Ujhj_rr_ZAb0uHShcU6SKy1_8zc=','BV1Q94y1V7F7.mp4'),(128,'《GTA6》全网最全泄露实机分析！角色、',123,'2023-11-06 16:11:43','http://s3604nf5a.hn-bkt.clouddn.com/BV1GM411X71Z.jpg?e=1699277108&token=cjph6i_nsZJwxelLwEqaj4dlknNKEI94oVpRuRQF:KN5FhrafVyyPsbWZWhcOuu3ZqBw=',0,0,0,'http://s3604nf5a.hn-bkt.clouddn.com/BV1GM411X71Z.mp4?e=1699261902&token=cjph6i_nsZJwxelLwEqaj4dlknNKEI94oVpRuRQF:ZhB7psmqp4_vSgTAcqmpJrPOsrU=','BV1GM411X71Z.mp4'),(129,'这才是真正的老味京酱肉丝！双酱合一，葱丝',55,'2023-11-06 16:11:43','http://s3604nf5a.hn-bkt.clouddn.com/BV1F94y157Ls.jpg?e=1699277112&token=cjph6i_nsZJwxelLwEqaj4dlknNKEI94oVpRuRQF:0nlB_9SOzcJLyKc8cl6ICa8E2S8=',0,0,0,'http://s3604nf5a.hn-bkt.clouddn.com/BV1F94y157Ls.mp4?e=1699261902&token=cjph6i_nsZJwxelLwEqaj4dlknNKEI94oVpRuRQF:43Cj7w2POsTdRfUmsZY3jP1AHTM=','BV1F94y157Ls.mp4'),(130,'可乐卖3元能赚钱，国产汽水卖6元却亏本，',52,'2023-11-06 16:11:43','http://s3604nf5a.hn-bkt.clouddn.com/BV1FH4y1R7Ee.jpg?e=1699277114&token=cjph6i_nsZJwxelLwEqaj4dlknNKEI94oVpRuRQF:bdB058z9tsaxQPV0rlXmGdOL8m4=',0,0,0,'http://s3604nf5a.hn-bkt.clouddn.com/BV1FH4y1R7Ee.mp4?e=1699261902&token=cjph6i_nsZJwxelLwEqaj4dlknNKEI94oVpRuRQF:7NDLQFdjHtJnbPTLdjZDuuE_6uM=','BV1FH4y1R7Ee.mp4'),(134,'dgjtyf',24,'2023-11-06 21:02:44','http://s3604nf5a.hn-bkt.clouddn.com/WeChat_20231025161539.jpg?e=1699279368&token=cjph6i_nsZJwxelLwEqaj4dlknNKEI94oVpRuRQF:y9ShpV7E6PB4s7zFevm-aVt8fOk=',0,0,0,'http://s3604nf5a.hn-bkt.clouddn.com/WeChat_20231025161539.mp4?e=1699279364&token=cjph6i_nsZJwxelLwEqaj4dlknNKEI94oVpRuRQF:qbUmaQcJWn_W40mhfOalyRM2hPI=','WeChat_20231025161539.mp4'),(135,'海边',16,'2023-11-07 15:26:01','http://s3604nf5a.hn-bkt.clouddn.com/WeChat_20190626194900.jpg?e=1699347080&token=cjph6i_nsZJwxelLwEqaj4dlknNKEI94oVpRuRQF:DbYlFBKv7G7mjDWAw8Pekrkfhlk=',1,0,1,'http://s3604nf5a.hn-bkt.clouddn.com/WeChat_20190626194900.mp4?e=1699345560&token=cjph6i_nsZJwxelLwEqaj4dlknNKEI94oVpRuRQF:h-kMmfgdF-ZCKDTvmUA66cZF31w=','WeChat_20190626194900.mp4'),(138,'if(JSON.parse(res).t',16,'2023-11-07 17:14:24','http://s3604nf5a.hn-bkt.clouddn.com/WeChat_20231107170347.jpg?e=1699352066&token=cjph6i_nsZJwxelLwEqaj4dlknNKEI94oVpRuRQF:6OzCZoAAHUUrPFZJvvGfVrVKyXo=',0,0,0,'http://s3604nf5a.hn-bkt.clouddn.com/WeChat_20231107170347.mp4?e=1699352064&token=cjph6i_nsZJwxelLwEqaj4dlknNKEI94oVpRuRQF:y_Ul1FOvA60jab-yC6ZugjxSSTo=','WeChat_20231107170347.mp4'),(147,'视频123',16,'2023-11-07 21:16:36','http://s3604nf5a.hn-bkt.clouddn.com/dba902ce789df6f6a690ee3040e15dff.jpg?e=1699366600&token=cjph6i_nsZJwxelLwEqaj4dlknNKEI94oVpRuRQF:zZZUenNCNpHH1Du5jsnyH80SCaw=',0,0,0,'http://s3604nf5a.hn-bkt.clouddn.com/dba902ce789df6f6a690ee3040e15dff.mp4?e=1699366595&token=cjph6i_nsZJwxelLwEqaj4dlknNKEI94oVpRuRQF:QimTsgQzGjz9LqiqnuuJsz0wWfQ=','dba902ce789df6f6a690ee3040e15dff.mp4');
/*!40000 ALTER TABLE `video` ENABLE KEYS */;
UNLOCK TABLES;
/*!40103 SET TIME_ZONE=@OLD_TIME_ZONE */;

/*!40101 SET SQL_MODE=@OLD_SQL_MODE */;
/*!40014 SET FOREIGN_KEY_CHECKS=@OLD_FOREIGN_KEY_CHECKS */;
/*!40014 SET UNIQUE_CHECKS=@OLD_UNIQUE_CHECKS */;
/*!40101 SET CHARACTER_SET_CLIENT=@OLD_CHARACTER_SET_CLIENT */;
/*!40101 SET CHARACTER_SET_RESULTS=@OLD_CHARACTER_SET_RESULTS */;
/*!40101 SET COLLATION_CONNECTION=@OLD_COLLATION_CONNECTION */;
/*!40111 SET SQL_NOTES=@OLD_SQL_NOTES */;

-- Dump completed on 2023-11-07 15:08:34
